log,excluded_feature,structural,pattern,target,target_kind,baseline_mean,variant_mean,delta,delta_pct,p_value,significant
bpi_2012_CZ,(case) AMOUNT_REQ,False,odd,Activity,categorical,0.9519116282463074,0.9559588015079499,-0.0040471732616425005,-0.42516270854874916,0.0039244598539516905,True
bpi_2012_CZ,(case) AMOUNT_REQ,False,odd,org:resource,categorical,0.7735770046710968,0.7834194123744964,-0.009842407703399614,-1.272324234558178,0.006432114459668623,True
bpi_2012_CZ,(case) AMOUNT_REQ,False,odd,concept:name,categorical,0.9522302269935607,0.9515714645385742,0.0006587624549865279,0.06918100647428646,0.6723409199160846,False
bpi_2012_CZ,(case) AMOUNT_REQ,False,odd,lifecycle:transition,categorical,0.9892404794692993,0.9903555989265442,-0.0011151194572449619,-0.11272481063888462,0.00202224788563571,True
bpi_2012_CZ,(case) AMOUNT_REQ,False,odd,time:timestamp,numerical,0.012549880659207651,0.00743102151900525,-0.005118859140202402,-40.78811009606514,0.016594130467109162,True
bpi_2012_CZ,(case) AMOUNT_REQ,False,even,Activity,categorical,0.9232320725917816,0.9270302057266235,-0.0037981331348418967,-0.41139527618223115,5.532903245389503e-05,True
bpi_2012_CZ,(case) AMOUNT_REQ,False,even,org:resource,categorical,0.7940221965312958,0.8019356608390809,-0.007913464307785056,-0.996630112149913,0.004627904717712985,True
bpi_2012_CZ,(case) AMOUNT_REQ,False,even,concept:name,categorical,0.9238786399364471,0.9248139560222626,-0.0009353160858154297,-0.10123798141710141,0.46500112493042967,False
bpi_2012_CZ,(case) AMOUNT_REQ,False,even,lifecycle:transition,categorical,0.9893456757068634,0.9907770931720734,-0.0014314174652100276,-0.14468324877321717,0.006344700505505409,True
bpi_2012_CZ,(case) AMOUNT_REQ,False,even,time:timestamp,numerical,0.01188591755926604,0.00683484245091674,-0.0050510751083493,-42.49629936572777,0.01382694717884218,True
bpi_2012_CZ,(case) AMOUNT_REQ,False,window,Activity,categorical,0.8937236666679382,0.9024154484272003,-0.008691781759262107,-0.9725357046510358,0.0011944626611365091,True
bpi_2012_CZ,(case) AMOUNT_REQ,False,window,org:resource,categorical,0.7176387965679168,0.729534137248993,-0.011895340681076116,-1.6575665554823928,0.005591327491568551,True
bpi_2012_CZ,(case) AMOUNT_REQ,False,window,concept:name,categorical,0.8882992923259735,0.8954020380973816,-0.0071027457714081255,-0.7995892637502717,0.006623392234320633,True
bpi_2012_CZ,(case) AMOUNT_REQ,False,window,lifecycle:transition,categorical,0.9567485749721527,0.961758142709732,-0.0050095677375793235,-0.5236033654636102,0.0185608794334657,True
bpi_2012_CZ,(case) AMOUNT_REQ,False,window,time:timestamp,numerical,0.012056107632815779,0.00855965800583357,-0.0034964496269822096,-29.001479859595385,0.017534348469751732,True
bpi_2012_CZ,(case) AMOUNT_REQ,False,random,Activity,categorical,0.7723235368728638,0.7930924534797669,-0.020768916606903054,-2.689147179302129,8.428591727148703e-05,True
bpi_2012_CZ,(case) AMOUNT_REQ,False,random,org:resource,categorical,0.6417310953140258,0.6548487424850464,-0.013117647171020597,-2.044103405118866,0.0002219412253705343,True
bpi_2012_CZ,(case) AMOUNT_REQ,False,random,concept:name,categorical,0.7926722764968872,0.8018739461898804,-0.009201669692993186,-1.160841619648763,0.0030957700506229887,True
bpi_2012_CZ,(case) AMOUNT_REQ,False,random,lifecycle:transition,categorical,0.890260511636734,0.8970840394496917,-0.006823527812957697,-0.76646416681031,1.7207381665802146e-05,True
bpi_2012_CZ,(case) AMOUNT_REQ,False,random,time:timestamp,numerical,0.0177467474713921,0.014100296236574588,-0.003646451234817511,-20.5471523201399,0.04427765244912021,True
bpi_2012_CZ,(case) AMOUNT_REQ,False,attr_level,Activity,categorical,0.8953539609909058,0.9193827450275421,-0.02402878403663633,-2.6837189629499383,9.522449334879067e-07,True
bpi_2012_CZ,(case) AMOUNT_REQ,False,attr_level,org:resource,categorical,0.6573143064975738,0.674515324831009,-0.017201018333435125,-2.6168635253184793,6.371939626882828e-05,True
bpi_2012_CZ,(case) AMOUNT_REQ,False,attr_level,concept:name,categorical,0.9002313494682312,0.923640251159668,-0.023408901691436723,-2.600320651493021,8.407152420416876e-08,True
bpi_2012_CZ,(case) AMOUNT_REQ,False,attr_level,lifecycle:transition,categorical,0.9597461998462677,0.9676369071006775,-0.007890707254409768,-0.8221660326108822,2.5988575571180763e-05,True
bpi_2012_CZ,(case) AMOUNT_REQ,False,attr_level,time:timestamp,numerical,0.02875513937324281,0.01873448994010681,-0.010020649433136002,-34.84820331790985,0.0002726247988231135,True
bpi_2012_CZ,Activity,True,odd,org:resource,categorical,0.7735770046710968,0.6701411962509155,0.1034358084201813,13.37110692220735,1.6736129976555291e-15,True
bpi_2012_CZ,Activity,True,odd,concept:name,categorical,0.9522302269935607,0.8985404014587403,0.05368982553482049,5.638324011655592,4.970860611247756e-09,True
bpi_2012_CZ,Activity,True,odd,lifecycle:transition,categorical,0.9892404794692993,0.8505338609218598,0.1387066185474395,14.021526759787653,3.663659693749012e-12,True
bpi_2012_CZ,Activity,True,odd,time:timestamp,numerical,0.012549880659207651,0.006496369652450031,-0.006053511006757621,-48.2356061475075,0.0071334748035027555,True
bpi_2012_CZ,Activity,True,odd,(case) AMOUNT_REQ,numerical,0.025692912936210587,0.027843120321631394,0.0021502073854208076,8.36887351293823,0.7289748289393605,False
bpi_2012_CZ,Activity,True,even,org:resource,categorical,0.7940221965312958,0.7302346289157867,0.06378756761550908,8.03347411371704,8.432531754740567e-10,True
bpi_2012_CZ,Activity,True,even,concept:name,categorical,0.9238786399364471,0.8603553950786591,0.06352324485778804,6.875713119870133,7.182392229933575e-20,True
bpi_2012_CZ,Activity,True,even,lifecycle:transition,categorical,0.9893456757068634,0.7943597137928009,0.19498596191406248,19.70857777032782,1.6902147258243672e-15,True
bpi_2012_CZ,Activity,True,even,time:timestamp,numerical,0.01188591755926604,0.006072924472391561,-0.00581299308687448,-48.90655734308689,0.006721131103926261,True
bpi_2012_CZ,Activity,True,even,(case) AMOUNT_REQ,numerical,0.025660718232393222,0.032440510764718,0.006779792532324781,26.420899333075567,0.23863732739899912,False
bpi_2012_CZ,Activity,True,window,org:resource,categorical,0.7176387965679168,0.6702488899230957,0.04738990664482112,6.603587608621739,4.166192445089509e-09,True
bpi_2012_CZ,Activity,True,window,concept:name,categorical,0.8882992923259735,0.8253126919269562,0.06298660039901727,7.090695775979913,1.7817902869303188e-10,True
bpi_2012_CZ,Activity,True,window,lifecycle:transition,categorical,0.9567485749721527,0.8182291030883789,0.13851947188377378,14.478147708535188,1.6010033586822676e-22,True
bpi_2012_CZ,Activity,True,window,time:timestamp,numerical,0.012056107632815779,0.00738046369515354,-0.004675643937662239,-38.78236724542425,0.004258604602930188,True
bpi_2012_CZ,Activity,True,window,(case) AMOUNT_REQ,numerical,0.022872542496770558,0.02342623276636001,0.0005536902695894505,2.420763977890205,0.9195441410194477,False
bpi_2012_CZ,Activity,True,random,org:resource,categorical,0.6417310953140258,0.6063277423381805,0.03540335297584529,5.516851720972155,4.44335044837524e-09,True
bpi_2012_CZ,Activity,True,random,concept:name,categorical,0.7926722764968872,0.7472815155982971,0.045390760898590066,5.726296004597092,6.090117167658711e-12,True
bpi_2012_CZ,Activity,True,random,lifecycle:transition,categorical,0.890260511636734,0.7795546293258667,0.11070588231086731,12.435223270471221,4.1723594682203453e-26,True
bpi_2012_CZ,Activity,True,random,time:timestamp,numerical,0.0177467474713921,0.01152422148734327,-0.00622252598404883,-35.06290938144915,0.0029181474853748595,True
bpi_2012_CZ,Activity,True,random,(case) AMOUNT_REQ,numerical,0.0838828310370445,0.0884645707905292,0.0045817397534847065,5.462070958789302,0.36256849198759034,False
bpi_2012_CZ,Activity,True,attr_level,org:resource,categorical,0.6573143064975738,0.606802350282669,0.050511956214904785,7.684597112156607,1.639610000577179e-10,True
bpi_2012_CZ,Activity,True,attr_level,concept:name,categorical,0.9002313494682312,0.7507508397102356,0.14948050975799565,16.60467721395107,1.4449336971209093e-21,True
bpi_2012_CZ,Activity,True,attr_level,lifecycle:transition,categorical,0.9597461998462677,0.7815067887306213,0.17823941111564645,18.571515171844062,2.4036675103809518e-25,True
bpi_2012_CZ,Activity,True,attr_level,time:timestamp,numerical,0.02875513937324281,0.011465471889823612,-0.0172896674834192,-60.1272254639376,1.981031405644358e-06,True
bpi_2012_CZ,Activity,True,attr_level,(case) AMOUNT_REQ,numerical,0.0971109643578529,0.09018220975995062,-0.0069287545979022785,-7.134883937893861,0.14360681244320597,False
bpi_2012_CZ,concept:name,False,odd,Activity,categorical,0.9519116282463074,0.9491603910923004,0.002751237154006936,0.28902232858269616,0.08186102583279109,False
bpi_2012_CZ,concept:name,False,odd,org:resource,categorical,0.7735770046710968,0.7695599555969238,0.004017049074172996,0.5192823791189258,0.22797261992738965,False
bpi_2012_CZ,concept:name,False,odd,lifecycle:transition,categorical,0.9892404794692993,0.9896236658096313,-0.00038318634033207566,-0.03873540845575231,0.24113343820342809,False
bpi_2012_CZ,concept:name,False,odd,time:timestamp,numerical,0.012549880659207651,0.010563583811745011,-0.0019862968474626402,-15.827217018237741,0.3543055240058923,False
bpi_2012_CZ,concept:name,False,odd,(case) AMOUNT_REQ,numerical,0.025692912936210587,0.021797125786542852,-0.0038957871496677343,-15.162886198774155,0.49429167090782344,False
bpi_2012_CZ,concept:name,False,even,Activity,categorical,0.9232320725917816,0.920698618888855,0.00253345370292668,0.2744113617949317,0.030599995369262792,True
bpi_2012_CZ,concept:name,False,even,org:resource,categorical,0.7940221965312958,0.7904558420181275,0.003566354513168335,0.4491504807734641,0.18369406895797055,False
bpi_2012_CZ,concept:name,False,even,lifecycle:transition,categorical,0.9893456757068634,0.9899109184741974,-0.000565242767334051,-0.05713299013817378,0.2638567699186632,False
bpi_2012_CZ,concept:name,False,even,time:timestamp,numerical,0.01188591755926604,0.00983688342384989,-0.0020490341354161504,-17.23917505904928,0.30522113430127845,False
bpi_2012_CZ,concept:name,False,even,(case) AMOUNT_REQ,numerical,0.025660718232393222,0.02182423630729314,-0.0038364819251000826,-14.950797130288574,0.49139308315253727,False
bpi_2012_CZ,concept:name,False,window,Activity,categorical,0.8937236666679382,0.8922718465328217,0.0014518201351165771,0.16244620001273827,0.6252938172516462,False
bpi_2012_CZ,concept:name,False,window,org:resource,categorical,0.7176387965679168,0.7142405867576599,0.003398209810256958,0.4735264908347738,0.39027719419658835,False
bpi_2012_CZ,concept:name,False,window,lifecycle:transition,categorical,0.9567485749721527,0.9602265536785126,-0.0034779787063599077,-0.3635206570818397,0.06113385742756001,False
bpi_2012_CZ,concept:name,False,window,time:timestamp,numerical,0.012056107632815779,0.0094220519997179,-0.0026340556330978794,-21.848308868180528,0.13899404474897997,False
bpi_2012_CZ,concept:name,False,window,(case) AMOUNT_REQ,numerical,0.022872542496770558,0.02843631487339731,0.005563772376626752,24.325115484701,0.42469038769985,False
bpi_2012_CZ,concept:name,False,random,Activity,categorical,0.7723235368728638,0.7716260612010956,0.0006974756717682551,0.09030874218754649,0.8766575333299409,False
bpi_2012_CZ,concept:name,False,random,org:resource,categorical,0.6417310953140258,0.644684886932373,-0.00295379161834719,-0.4602849448804996,0.3451732551105944,False
bpi_2012_CZ,concept:name,False,random,lifecycle:transition,categorical,0.890260511636734,0.8899117708206177,0.0003487408161163552,0.03917289507485838,0.7530443224977599,False
bpi_2012_CZ,concept:name,False,random,time:timestamp,numerical,0.0177467474713921,0.015120003838092042,-0.0026267436333000573,-14.801267880406757,0.1725150276350615,False
bpi_2012_CZ,concept:name,False,random,(case) AMOUNT_REQ,numerical,0.0838828310370445,0.07918672338128085,-0.004696107655763643,-5.598413403202544,0.2133865358014106,False
bpi_2012_CZ,concept:name,False,attr_level,Activity,categorical,0.8953539609909058,0.8153939008712768,0.07996006011962897,8.930553010692622,9.163999969474312e-15,True
bpi_2012_CZ,concept:name,False,attr_level,org:resource,categorical,0.6573143064975738,0.6520814061164856,0.005232900381088257,0.7961032232770323,0.1445519188484459,False
bpi_2012_CZ,concept:name,False,attr_level,lifecycle:transition,categorical,0.9597461998462677,0.9465563416481018,0.013189858198165982,1.374306894914378,1.746510074897586e-08,True
bpi_2012_CZ,concept:name,False,attr_level,time:timestamp,numerical,0.02875513937324281,0.02403258364647621,-0.004722555726766602,-16.42334493833484,0.03730079310292003,True
bpi_2012_CZ,concept:name,False,attr_level,(case) AMOUNT_REQ,numerical,0.0971109643578529,0.08999901860952372,-0.007111945748329171,-7.323524995716988,0.02429128472646459,True
bpi_2012_CZ,lifecycle:transition,False,odd,Activity,categorical,0.9519116282463074,0.9529923141002655,-0.001080685853958152,-0.11352796014784308,0.515973598615856,False
bpi_2012_CZ,lifecycle:transition,False,odd,org:resource,categorical,0.7735770046710968,0.7703091084957123,0.003267896175384477,0.4224396738336211,0.3690510459673363,False
bpi_2012_CZ,lifecycle:transition,False,odd,concept:name,categorical,0.9522302269935607,0.9518857836723328,0.00034444332122796073,0.03617227341285501,0.8208847784161728,False
bpi_2012_CZ,lifecycle:transition,False,odd,time:timestamp,numerical,0.012549880659207651,0.012119263270869809,-0.00043061738833784224,-3.431246878207603,0.861927865391858,False
bpi_2012_CZ,lifecycle:transition,False,odd,(case) AMOUNT_REQ,numerical,0.025692912936210587,0.03335264846682543,0.007659735530614845,29.812639577428033,0.3679798330050561,False
bpi_2012_CZ,lifecycle:transition,False,even,Activity,categorical,0.9232320725917816,0.9238908529281616,-0.0006587803363800049,-0.07135587637576501,0.5133893428696247,False
bpi_2012_CZ,lifecycle:transition,False,even,org:resource,categorical,0.7940221965312958,0.7912610232830047,0.00276117324829106,0.3477450958365281,0.36289550875813326,False
bpi_2012_CZ,lifecycle:transition,False,even,concept:name,categorical,0.9238786399364471,0.9236631214618682,0.00021551847457890183,0.02332757412745544,0.86958333894842,False
bpi_2012_CZ,lifecycle:transition,False,even,time:timestamp,numerical,0.01188591755926604,0.01185932937078172,-2.6588188484321165e-05,-0.22369487548391673,0.9908403763889988,False
bpi_2012_CZ,lifecycle:transition,False,even,(case) AMOUNT_REQ,numerical,0.025660718232393222,0.03151720622554417,0.005856487993150951,22.82277502956998,0.4544518190768658,False
bpi_2012_CZ,lifecycle:transition,False,window,Activity,categorical,0.8937236666679382,0.8866464555263519,0.007077211141586326,0.7918791238876136,0.014801778784257822,True
bpi_2012_CZ,lifecycle:transition,False,window,org:resource,categorical,0.7176387965679168,0.7138991713523865,0.0037396252155303955,0.5211013163467507,0.3654455631133964,False
bpi_2012_CZ,lifecycle:transition,False,window,concept:name,categorical,0.8882992923259735,0.8843426942825318,0.003956598043441728,0.4454127204223642,0.0359238322504455,True
bpi_2012_CZ,lifecycle:transition,False,window,time:timestamp,numerical,0.012056107632815779,0.01174755436368282,-0.0003085532691329586,-2.5593108367173234,0.8768342811253872,False
bpi_2012_CZ,lifecycle:transition,False,window,(case) AMOUNT_REQ,numerical,0.022872542496770558,0.023060677200555737,0.00018813470378517896,0.8225351589651315,0.9729232702546571,False
bpi_2012_CZ,lifecycle:transition,False,random,Activity,categorical,0.7723235368728638,0.7616764724254608,0.010647064447403043,1.3785756796320079,0.042980841835983004,True
bpi_2012_CZ,lifecycle:transition,False,random,org:resource,categorical,0.6417310953140258,0.6422395050525666,-0.000508409738540716,-0.07922473170665509,0.8663263688075179,False
bpi_2012_CZ,lifecycle:transition,False,random,concept:name,categorical,0.7926722764968872,0.7925126194953919,0.00015965700149533912,0.02014161542282299,0.9597270024614745,False
bpi_2012_CZ,lifecycle:transition,False,random,time:timestamp,numerical,0.0177467474713921,0.018520480114966587,0.000773732643574488,4.359856051491978,0.7136110179663879,False
bpi_2012_CZ,lifecycle:transition,False,random,(case) AMOUNT_REQ,numerical,0.0838828310370445,0.07974358275532718,-0.004139248281717314,-4.934559588110863,0.3363656483355646,False
bpi_2012_CZ,lifecycle:transition,False,attr_level,Activity,categorical,0.8953539609909058,0.8619457602500915,0.0334082007408143,3.7312841843957205,8.531615496252625e-06,True
bpi_2012_CZ,lifecycle:transition,False,attr_level,org:resource,categorical,0.6573143064975738,0.6496810734272003,0.007633233070373557,1.1612759672075892,0.059927589970959,False
bpi_2012_CZ,lifecycle:transition,False,attr_level,concept:name,categorical,0.9002313494682312,0.8893955290317536,0.010835820436477683,1.2036706389839043,0.0043189115575292735,True
bpi_2012_CZ,lifecycle:transition,False,attr_level,time:timestamp,numerical,0.02875513937324281,0.02877340074628588,1.826137304307071e-05,0.06350646681289696,0.9950847468848807,False
bpi_2012_CZ,lifecycle:transition,False,attr_level,(case) AMOUNT_REQ,numerical,0.0971109643578529,0.09180206879973407,-0.005308895558118823,-5.46683435101684,0.12825695350224298,False
bpi_2012_CZ,org:resource,False,odd,Activity,categorical,0.9519116282463074,0.9490570604801178,0.002854567766189531,0.29987739213234094,0.10485623324942929,False
bpi_2012_CZ,org:resource,False,odd,concept:name,categorical,0.9522302269935607,0.9497158110141755,0.002514415979385287,0.2640554676912488,0.1520674607719918,False
bpi_2012_CZ,org:resource,False,odd,lifecycle:transition,categorical,0.9892404794692993,0.9843407928943634,0.004899686574935891,0.49529782460625144,0.000522857924008131,True
bpi_2012_CZ,org:resource,False,odd,time:timestamp,numerical,0.012549880659207651,0.014472333667799781,0.0019224530085921298,15.318496333123743,0.6353781977866406,False
bpi_2012_CZ,org:resource,False,odd,(case) AMOUNT_REQ,numerical,0.025692912936210587,0.02686410071328279,0.0011711877770722023,4.558407915754761,0.8833815922143599,False
bpi_2012_CZ,org:resource,False,even,Activity,categorical,0.9232320725917816,0.9221178293228149,0.001114243268966697,0.12068940216068223,0.45382706671318385,False
bpi_2012_CZ,org:resource,False,even,concept:name,categorical,0.9238786399364471,0.9214631199836731,0.0024155199527740034,0.26145424824846747,0.2015703210346944,False
bpi_2012_CZ,org:resource,False,even,lifecycle:transition,categorical,0.9893456757068634,0.9809360921382904,0.00840958356857302,0.8500146890079221,0.0002883958934090841,True
bpi_2012_CZ,org:resource,False,even,time:timestamp,numerical,0.01188591755926604,0.013729274692013821,0.0018433571327477801,15.508749102089583,0.627562987308996,False
bpi_2012_CZ,org:resource,False,even,(case) AMOUNT_REQ,numerical,0.025660718232393222,0.028130439948290547,0.002469721715897325,9.624522951893185,0.7366708635928,False
bpi_2012_CZ,org:resource,False,window,Activity,categorical,0.8937236666679382,0.8803063213825226,0.013417345285415605,1.5012856642187142,3.914346248782324e-05,True
bpi_2012_CZ,org:resource,False,window,concept:name,categorical,0.8882992923259735,0.88524888753891,0.003050404787063532,0.34339831331804604,0.22775300860234596,False
bpi_2012_CZ,org:resource,False,window,lifecycle:transition,categorical,0.9567485749721527,0.9502137839794159,0.006534790992736794,0.6830207186801399,0.006017741458732167,True
bpi_2012_CZ,org:resource,False,window,time:timestamp,numerical,0.012056107632815779,0.009522786084562489,-0.00253332154825329,-21.012764860839393,0.11263296695276218,False
bpi_2012_CZ,org:resource,False,window,(case) AMOUNT_REQ,numerical,0.022872542496770558,0.024842022825032443,0.0019694803282618856,8.61067512953561,0.7870798624964217,False
bpi_2012_CZ,org:resource,False,random,Activity,categorical,0.7723235368728638,0.7663907766342163,0.0059327602386475276,0.7681703269939513,0.19194246593504288,False
bpi_2012_CZ,org:resource,False,random,concept:name,categorical,0.7926722764968872,0.7912100911140442,0.0014621853828430398,0.1844627882414381,0.634745777007532,False
bpi_2012_CZ,org:resource,False,random,lifecycle:transition,categorical,0.890260511636734,0.8852185010910034,0.005042010545730613,0.5663522620430432,0.0010019455997286948,True
bpi_2012_CZ,org:resource,False,random,time:timestamp,numerical,0.0177467474713921,0.016333035752177188,-0.0014137117192149114,-7.966032770195361,0.5063553177666706,False
bpi_2012_CZ,org:resource,False,random,(case) AMOUNT_REQ,numerical,0.0838828310370445,0.08737554028630254,0.0034927092492580414,4.163795148634867,0.5453471450518013,False
bpi_2012_CZ,org:resource,False,attr_level,Activity,categorical,0.8953539609909058,0.8903211116790771,0.00503284931182868,0.5621072258683847,0.13273777153461525,False
bpi_2012_CZ,org:resource,False,attr_level,concept:name,categorical,0.9002313494682312,0.8921339213848114,0.008097428083419844,0.899483014916445,0.043755754967869716,True
bpi_2012_CZ,org:resource,False,attr_level,lifecycle:transition,categorical,0.9597461998462677,0.957316380739212,0.002429819107055753,0.253173089661096,0.11377244534452596,False
bpi_2012_CZ,org:resource,False,attr_level,time:timestamp,numerical,0.02875513937324281,0.0247922141104936,-0.00396292526274921,-13.781624256138317,0.10321087093737549,False
bpi_2012_CZ,org:resource,False,attr_level,(case) AMOUNT_REQ,numerical,0.0971109643578529,0.09935198798775668,0.0022410236299037906,2.307693724104769,0.6870888978290257,False
bpi_2012_CZ,time:timestamp,False,odd,Activity,categorical,0.9519116282463074,0.9544131398200989,-0.002501511573791526,-0.26278821474216296,0.0769766394917129,False
bpi_2012_CZ,time:timestamp,False,odd,org:resource,categorical,0.7735770046710968,0.7774261415004731,-0.003849136829376265,-0.4975764282203308,0.2581097903844143,False
bpi_2012_CZ,time:timestamp,False,odd,concept:name,categorical,0.9522302269935607,0.9535563230514527,-0.0013260960578919123,-0.1392621259334251,0.3607011766756597,False
bpi_2012_CZ,time:timestamp,False,odd,lifecycle:transition,categorical,0.9892404794692993,0.9894686579704285,-0.000228178501129217,-0.02306602953122466,0.6857989296994536,False
bpi_2012_CZ,time:timestamp,False,odd,(case) AMOUNT_REQ,numerical,0.025692912936210587,0.02459429074078793,-0.0010986221954226577,-4.275973682510334,0.8407135643133747,False
bpi_2012_CZ,time:timestamp,False,even,Activity,categorical,0.9232320725917816,0.9259932398796081,-0.0027611672878264937,-0.2990761878619632,0.008382091522691442,True
bpi_2012_CZ,time:timestamp,False,even,org:resource,categorical,0.7940221965312958,0.79749094247818,-0.0034687459468841775,-0.43685755411340815,0.18664761022042436,False
bpi_2012_CZ,time:timestamp,False,even,concept:name,categorical,0.9238786399364471,0.9257004499435425,-0.0018218100070953591,-0.197191484719322,0.17356984388268318,False
bpi_2012_CZ,time:timestamp,False,even,lifecycle:transition,categorical,0.9893456757068634,0.9895571410655976,-0.00021146535873417527,-0.02137426421590092,0.8212693680666101,False
bpi_2012_CZ,time:timestamp,False,even,(case) AMOUNT_REQ,numerical,0.025660718232393222,0.02516682632267469,-0.0004938919097185329,-1.9247002568114422,0.9235770643583159,False
bpi_2012_CZ,time:timestamp,False,window,Activity,categorical,0.8937236666679382,0.8996521949768066,-0.005928528308868364,-0.6633513836521351,0.030168842271978566,True
bpi_2012_CZ,time:timestamp,False,window,org:resource,categorical,0.7176387965679168,0.7212603628635407,-0.0036215662956238237,-0.5046502938447366,0.3740212654516951,False
bpi_2012_CZ,time:timestamp,False,window,concept:name,categorical,0.8882992923259735,0.8940523266792297,-0.005753034353256248,-0.6476459457929067,0.006534997500361753,True
bpi_2012_CZ,time:timestamp,False,window,lifecycle:transition,categorical,0.9567485749721527,0.9582195281982422,-0.0014709532260894775,-0.15374501353527403,0.472954400840488,False
bpi_2012_CZ,time:timestamp,False,window,(case) AMOUNT_REQ,numerical,0.022872542496770558,0.022815439384430612,-5.7103112339945694e-05,-0.24965791340428486,0.9913349019574969,False
bpi_2012_CZ,time:timestamp,False,random,Activity,categorical,0.7723235368728638,0.7800336182117462,-0.007710081338882402,-0.9982968239062742,0.05694380927213701,False
bpi_2012_CZ,time:timestamp,False,random,org:resource,categorical,0.6417310953140258,0.6464411854743958,-0.00471009016036994,-0.7339663286949023,0.15984527903245166,False
bpi_2012_CZ,time:timestamp,False,random,concept:name,categorical,0.7926722764968872,0.7987647116184234,-0.006092435121536233,-0.7685944497088965,0.02749614258214073,True
bpi_2012_CZ,time:timestamp,False,random,lifecycle:transition,categorical,0.890260511636734,0.8904285788536072,-0.00016806721687312454,-0.01887843105206754,0.8821966779948135,False
bpi_2012_CZ,time:timestamp,False,random,(case) AMOUNT_REQ,numerical,0.0838828310370445,0.08212668970227237,-0.0017561413347721294,-2.0935646938246264,0.6615068467703447,False
bpi_2012_CZ,time:timestamp,False,attr_level,Activity,categorical,0.8953539609909058,0.9019050002098083,-0.0065510392189025435,-0.7316703230588694,0.04435340603337952,True
bpi_2012_CZ,time:timestamp,False,attr_level,org:resource,categorical,0.6573143064975738,0.6622744500637054,-0.004960143566131614,-0.7546075776991965,0.17566862032561922,False
bpi_2012_CZ,time:timestamp,False,attr_level,concept:name,categorical,0.9002313494682312,0.9046144723892212,-0.004383122920989968,-0.48688850078139234,0.11823215886563947,False
bpi_2012_CZ,time:timestamp,False,attr_level,lifecycle:transition,categorical,0.9597461998462677,0.9621262609958648,-0.0023800611495971014,-0.2479885984417901,0.07487498399425867,False
bpi_2012_CZ,time:timestamp,False,attr_level,(case) AMOUNT_REQ,numerical,0.0971109643578529,0.09360870122909543,-0.0035022631287574685,-3.606454896124464,0.2889752988473057,False
bpi_2013_CZ,Activity,True,odd,org:resource,categorical,0.16867469251155848,0.11746987625956529,0.05120481625199319,30.35714219457336,0.0023147485875494502,True
bpi_2013_CZ,Activity,True,odd,impact,categorical,1.0,1.0,0.0,0.0,,False
bpi_2013_CZ,Activity,True,odd,concept:name,categorical,0.8455621540546417,0.7523668646812439,0.09319528937339783,11.021695912773241,7.13265776460155e-05,True
bpi_2013_CZ,Activity,True,odd,lifecycle:transition,categorical,0.6928994238376618,0.6914201319217682,0.001479291915893577,0.2134930214980461,0.8479748527167447,False
bpi_2013_CZ,Activity,True,odd,org:group,categorical,0.9390532612800598,0.9357988238334656,0.0032544374465942605,0.3465657999161848,0.6552086693488466,False
bpi_2013_CZ,Activity,True,odd,org:role,categorical,0.7632124185562134,0.7461139738559723,0.017098444700241022,2.240325797185867,0.14244098229583582,False
bpi_2013_CZ,Activity,True,odd,organization country,categorical,0.976627242565155,0.9718935251235962,0.004733717441558816,0.48470053212170244,0.02991672126016761,True
bpi_2013_CZ,Activity,True,odd,organization involved,categorical,0.398516321182251,0.28575667440891267,0.11275964677333833,28.294862915230684,0.0020531676037451275,True
bpi_2013_CZ,Activity,True,odd,product,categorical,0.4352071076631546,0.46479290425777436,-0.02958579659461974,-6.798095911962636,0.2743712970366476,False
bpi_2013_CZ,Activity,True,odd,resource country,categorical,0.8644970536231995,0.8665680527687073,-0.0020709991455077903,-0.23956115718706172,0.7475008535033931,False
bpi_2013_CZ,Activity,True,odd,time:timestamp,numerical,0.01793842576444144,0.013011185126379079,-0.004927240638062363,-27.467519740943025,0.08583676689080873,False
bpi_2013_CZ,Activity,True,even,org:resource,categorical,0.1619164571166038,0.1285012267529964,0.033415230363607384,20.637328013880317,0.04394456553531707,True
bpi_2013_CZ,Activity,True,even,impact,categorical,1.0,1.0,0.0,0.0,,False
bpi_2013_CZ,Activity,True,even,concept:name,categorical,0.7451923310756683,0.7230769455432892,0.022115385532379128,2.9677419654139583,0.0007075420939943488,True
bpi_2013_CZ,Activity,True,even,lifecycle:transition,categorical,0.704807710647583,0.6802884757518768,0.024519234895706177,3.4788545195082654,7.621764570211916e-06,True
bpi_2013_CZ,Activity,True,even,org:group,categorical,0.947836571931839,0.9449519515037537,0.0028846204280853494,0.3043373207478207,0.6886649233623106,False
bpi_2013_CZ,Activity,True,even,org:role,categorical,0.7629385948181152,0.7559210598468781,0.007017534971237138,0.919803378528795,0.5604402553244388,False
bpi_2013_CZ,Activity,True,even,organization country,categorical,0.9699519574642181,0.9656250596046447,0.004326897859573409,0.44609403860428104,0.31489385951651305,False
bpi_2013_CZ,Activity,True,even,organization involved,categorical,0.41529126465320587,0.28252426981925965,0.13276699483394622,31.969609316202433,0.0006539839664017938,True
bpi_2013_CZ,Activity,True,even,product,categorical,0.43557694256305696,0.46682693660259245,-0.03124999403953549,-7.174391246619197,0.2512734008509902,False
bpi_2013_CZ,Activity,True,even,resource country,categorical,0.8687500417232513,0.8757211863994598,-0.006971144676208518,-0.8024338810252677,0.12747532951165064,False
bpi_2013_CZ,Activity,True,even,time:timestamp,numerical,0.019702790956944195,0.01340675046667451,-0.006296040490269685,-31.95506922866003,0.04013127095660565,True
bpi_2013_CZ,Activity,True,window,org:resource,categorical,0.15471264198422433,0.10367816053330894,0.05103448145091538,32.986626559010766,0.0006754402596567651,True
bpi_2013_CZ,Activity,True,window,impact,categorical,1.0,1.0,0.0,0.0,,False
bpi_2013_CZ,Activity,True,window,concept:name,categorical,0.7853711903095245,0.7497816562652588,0.03558953404426568,4.531555840524199,5.9377080175350955e-05,True
bpi_2013_CZ,Activity,True,window,lifecycle:transition,categorical,0.6973799228668213,0.6803493499755859,0.01703057289123533,2.4420796086622727,0.3239421275207416,False
bpi_2013_CZ,Activity,True,window,org:group,categorical,0.9497806966304779,0.9532894849777221,-0.0035087883472442183,-0.36943142345304464,0.5999774933864772,False
bpi_2013_CZ,Activity,True,window,org:role,categorical,0.7318458259105682,0.7192697525024414,0.012576073408126831,1.718404746311094,0.326678697842109,False
bpi_2013_CZ,Activity,True,window,organization country,categorical,0.9635371446609498,0.9694323241710663,-0.005895179510116533,-0.6118269070146677,0.20753322034032018,False
bpi_2013_CZ,Activity,True,window,organization involved,categorical,0.3856194674968719,0.24800884649157523,0.1376106210052967,35.68560008096919,0.00010872077942630762,True
bpi_2013_CZ,Activity,True,window,product,categorical,0.42423581779003144,0.4545851588249207,-0.030349341034889232,-7.153884646748554,0.2540580356733221,False
bpi_2013_CZ,Activity,True,window,resource country,categorical,0.8375545978546143,0.840174674987793,-0.0026200771331786887,-0.31282463732991067,0.6605701690036803,False
bpi_2013_CZ,Activity,True,window,time:timestamp,numerical,0.01824308335781093,0.01283885887823993,-0.005404224479571,-29.623416028832295,0.04791979575168586,True
bpi_2013_CZ,Activity,True,random,org:resource,categorical,0.11510989218950267,0.0879120901226997,0.027197802066802973,23.627684423531456,0.03987309312254191,True
bpi_2013_CZ,Activity,True,random,impact,categorical,0.9446475327014923,0.9535248279571533,-0.008877295255661055,-0.9397468313153655,0.36551584984399266,False
bpi_2013_CZ,Activity,True,random,concept:name,categorical,0.7485639750957489,0.7154047071933747,0.03315926790237422,4.429717299464326,1.904826109574562e-06,True
bpi_2013_CZ,Activity,True,random,lifecycle:transition,categorical,0.6498694717884064,0.6454308152198791,0.004438656568527266,0.6830073978259539,0.5118113187042546,False
bpi_2013_CZ,Activity,True,random,org:group,categorical,0.8754569351673126,0.8775456964969635,-0.0020887613296508567,-0.23859098554649794,0.8389556819669834,False
bpi_2013_CZ,Activity,True,random,org:role,categorical,0.6752997756004333,0.6836930751800537,-0.008393299579620428,-1.2428998028553533,0.4186299840466884,False
bpi_2013_CZ,Activity,True,random,organization country,categorical,0.9159269034862518,0.92140993475914,-0.005483031272888184,-0.5986319707411547,0.47054826142862893,False
bpi_2013_CZ,Activity,True,random,organization involved,categorical,0.317241370677948,0.20530503541231154,0.11193633526563646,35.284280554716865,0.0002167550443911141,True
bpi_2013_CZ,Activity,True,random,product,categorical,0.3806788563728333,0.40548303723335266,-0.024804180860519387,-6.515775816092714,0.2670547651339215,False
bpi_2013_CZ,Activity,True,random,resource country,categorical,0.8148825287818908,0.812532651424408,0.0023498773574828213,0.2883700747634734,0.8574771110956019,False
bpi_2013_CZ,Activity,True,random,time:timestamp,numerical,0.021178662311285686,0.01332661439664658,-0.007852047914639105,-37.07527793412574,0.019805267439117404,True
bpi_2013_CZ,Activity,True,attr_level,org:resource,categorical,0.10427350476384159,0.08860398866236205,0.01566951610147954,15.027322747967307,0.19885246992754085,False
bpi_2013_CZ,Activity,True,attr_level,impact,categorical,0.913178312778473,0.9149870991706848,-0.0018087863922118252,-0.19807592524929105,0.8479349421914999,False
bpi_2013_CZ,Activity,True,attr_level,concept:name,categorical,0.9005390644073487,0.6803234338760376,0.2202156305313111,24.453756559271156,1.6081798697352628e-12,True
bpi_2013_CZ,Activity,True,attr_level,lifecycle:transition,categorical,0.8183510303497314,0.6095744431018829,0.20877658724784853,25.5118622088892,3.3203167223970374e-12,True
bpi_2013_CZ,Activity,True,attr_level,org:group,categorical,0.8744565427303315,0.8717391431331635,0.002717399597167991,0.3107529607684568,0.8112834639580797,False
bpi_2013_CZ,Activity,True,attr_level,org:role,categorical,0.5913669168949127,0.6107913792133332,-0.019424462318420432,-3.284671794021275,0.1196572160907658,False
bpi_2013_CZ,Activity,True,attr_level,organization country,categorical,0.8906666517257691,0.9007999897003174,-0.010133337974548295,-1.1377250910779906,0.06969122749019885,False
bpi_2013_CZ,Activity,True,attr_level,organization involved,categorical,0.2729946538805962,0.20213904231786722,0.07085561156272896,25.954944741782437,0.002416078329889093,True
bpi_2013_CZ,Activity,True,attr_level,product,categorical,0.359199994802475,0.4218666613101959,-0.0626666665077209,-17.446176897129817,0.00892865549096784,True
bpi_2013_CZ,Activity,True,attr_level,resource country,categorical,0.7726342737674713,0.770076721906662,0.002557551860809304,0.3310171380746971,0.7155312744449298,False
bpi_2013_CZ,Activity,True,attr_level,time:timestamp,numerical,0.020607974659651467,0.01325811157003039,-0.007349863089621076,-35.66514036923501,0.018561194144065624,True
bpi_2013_CZ,concept:name,False,odd,Activity,categorical,0.665976345539093,0.6822485268115998,-0.016272181272506736,-2.4433572425661407,0.14575946418499425,False
bpi_2013_CZ,concept:name,False,odd,org:resource,categorical,0.16867469251155848,0.1493975847959518,0.019277107715606673,11.428571428571422,0.09896415307027756,False
bpi_2013_CZ,concept:name,False,odd,impact,categorical,1.0,1.0,0.0,0.0,,False
bpi_2013_CZ,concept:name,False,odd,lifecycle:transition,categorical,0.6928994238376618,0.7097633183002472,-0.016863894462585405,-2.4338156278415983,0.04251833805178309,True
bpi_2013_CZ,concept:name,False,odd,org:group,categorical,0.9390532612800598,0.9414201319217682,-0.002366870641708374,-0.25204860462142487,0.5992427562382823,False
bpi_2013_CZ,concept:name,False,odd,org:role,categorical,0.7632124185562134,0.7383419454097748,0.024870473146438532,3.258656769957515,0.06824797780247875,False
bpi_2013_CZ,concept:name,False,odd,organization country,categorical,0.976627242565155,0.9713018000125885,0.005325442552566506,0.5452891666813424,0.1396758619317892,False
bpi_2013_CZ,concept:name,False,odd,organization involved,categorical,0.398516321182251,0.3750741809606552,0.023442140221595797,5.882353864968845,0.31453546027955676,False
bpi_2013_CZ,concept:name,False,odd,product,categorical,0.4352071076631546,0.3798816591501236,0.055325448513031006,12.712441396028916,0.017144554452994065,True
bpi_2013_CZ,concept:name,False,odd,resource country,categorical,0.8644970536231995,0.8630177736282348,0.0014792799949646662,0.17111452130054644,0.78101879041874,False
bpi_2013_CZ,concept:name,False,odd,time:timestamp,numerical,0.01793842576444144,0.01616473901085553,-0.0017736867535859124,-9.887638842321461,0.5395649188485172,False
bpi_2013_CZ,concept:name,False,even,Activity,categorical,0.6877404153347015,0.6935096442699432,-0.005769228935241677,-0.8388672246975591,0.5799693615231205,False
bpi_2013_CZ,concept:name,False,even,org:resource,categorical,0.1619164571166038,0.16928746700286862,-0.007371009886264823,-4.552353736937689,0.5716445600467486,False
bpi_2013_CZ,concept:name,False,even,impact,categorical,1.0,1.0,0.0,0.0,,False
bpi_2013_CZ,concept:name,False,even,lifecycle:transition,categorical,0.704807710647583,0.7024038732051849,0.002403837442398027,0.3410628751761756,0.5938492151241247,False
bpi_2013_CZ,concept:name,False,even,org:group,categorical,0.947836571931839,0.9528846383094788,-0.0050480663776397705,-0.5325882675481727,0.2207670162041739,False
bpi_2013_CZ,concept:name,False,even,org:role,categorical,0.7629385948181152,0.7425438642501831,0.020394730567932062,2.6731811323287653,0.1083852226314161,False
bpi_2013_CZ,concept:name,False,even,organization country,categorical,0.9699519574642181,0.9656250417232514,0.004326915740966775,0.44609588213820334,0.44955893613407816,False
bpi_2013_CZ,concept:name,False,even,organization involved,categorical,0.41529126465320587,0.3890776723623276,0.026213592290878274,6.312098163867776,0.2315747514295964,False
bpi_2013_CZ,concept:name,False,even,product,categorical,0.43557694256305696,0.37572117149829865,0.05985577106475831,13.741721660598046,0.013377825766598005,True
bpi_2013_CZ,concept:name,False,even,resource country,categorical,0.8687500417232513,0.8670673429965973,0.0016826987266540527,0.19369193045634323,0.7498636398564442,False
bpi_2013_CZ,concept:name,False,even,time:timestamp,numerical,0.019702790956944195,0.017092086421325762,-0.0026107045356184334,-13.250430060002731,0.40496340151960986,False
bpi_2013_CZ,concept:name,False,window,Activity,categorical,0.6454148650169372,0.6709607064723968,-0.025545841455459573,-3.9580497506497916,0.10820803871520442,False
bpi_2013_CZ,concept:name,False,window,org:resource,categorical,0.15471264198422433,0.14666666537523265,0.008045976608991673,5.200594150419914,0.44101520594624133,False
bpi_2013_CZ,concept:name,False,window,impact,categorical,1.0,1.0,0.0,0.0,,False
bpi_2013_CZ,concept:name,False,window,lifecycle:transition,categorical,0.6973799228668213,0.6962882161140442,0.001091706752777033,0.15654404679291525,0.9276471481582356,False
bpi_2013_CZ,concept:name,False,window,org:group,categorical,0.9497806966304779,0.9574561476707458,-0.0076754510402679,-0.8081287677774435,0.11474873263038222,False
bpi_2013_CZ,concept:name,False,window,org:role,categorical,0.7318458259105682,0.7184584081172943,0.013387417793273904,1.829267493138623,0.2939509856839513,False
bpi_2013_CZ,concept:name,False,window,organization country,categorical,0.9635371446609498,0.961790406703949,0.0017467379570007546,0.18128392524144965,0.7446955123752672,False
bpi_2013_CZ,concept:name,False,window,organization involved,categorical,0.3856194674968719,0.375,0.010619467496871926,2.753872247634404,0.5750394215199819,False
bpi_2013_CZ,concept:name,False,window,product,categorical,0.42423581779003144,0.3689956396818161,0.055240178108215354,13.021101894690931,0.02605415646906339,True
bpi_2013_CZ,concept:name,False,window,resource country,categorical,0.8375545978546143,0.8336244702339173,0.003930127620696999,0.4692383792965823,0.6050876725720169,False
bpi_2013_CZ,concept:name,False,window,time:timestamp,numerical,0.01824308335781093,0.01580564463511103,-0.0024374387226999,-13.360892316792983,0.3654364611019938,False
bpi_2013_CZ,concept:name,False,random,Activity,categorical,0.6214099287986755,0.6454308271408081,-0.024020898342132613,-3.865547882147681,0.10499089534671757,False
bpi_2013_CZ,concept:name,False,random,org:resource,categorical,0.11510989218950267,0.12032967433333393,-0.005219782143831259,-4.534607794817544,0.6136153478330739,False
bpi_2013_CZ,concept:name,False,random,impact,categorical,0.9446475327014923,0.9443864345550537,0.00026109814643859863,0.027639742591812327,0.9742040763756789,False
bpi_2013_CZ,concept:name,False,random,lifecycle:transition,categorical,0.6498694717884064,0.6574412703514099,-0.007571798563003496,-1.1651260586477938,0.2208966690391444,False
bpi_2013_CZ,concept:name,False,random,org:group,categorical,0.8754569351673126,0.8715404868125916,0.003916448354721047,0.4473604808410772,0.7941847150306619,False
bpi_2013_CZ,concept:name,False,random,org:role,categorical,0.6752997756004333,0.653717041015625,0.021582734584808305,3.196022768646461,0.1331656714599356,False
bpi_2013_CZ,concept:name,False,random,organization country,categorical,0.9159269034862518,0.9154047131538391,0.0005221903324127419,0.057012227768957556,0.9491290498070153,False
bpi_2013_CZ,concept:name,False,random,organization involved,categorical,0.317241370677948,0.2973474711179733,0.01989389955997467,6.270903292802325,0.2471128386217659,False
bpi_2013_CZ,concept:name,False,random,product,categorical,0.3806788563728333,0.32898172438144685,0.051697131991386425,13.580247793104311,0.01910387599134909,True
bpi_2013_CZ,concept:name,False,random,resource country,categorical,0.8148825287818908,0.8065274298191071,0.008355098962783747,1.0253133019397511,0.5818228490037105,False
bpi_2013_CZ,concept:name,False,random,time:timestamp,numerical,0.021178662311285686,0.016947417939081732,-0.004231244372203954,-19.97880843470085,0.19791776040362183,False
bpi_2013_CZ,concept:name,False,attr_level,Activity,categorical,0.7535897672176362,0.7215384900569916,0.0320512771606446,4.253146546692454,0.01730934731930992,True
bpi_2013_CZ,concept:name,False,attr_level,org:resource,categorical,0.10427350476384159,0.09772079586982722,0.006552708894014367,6.28415522126635,0.5515212855767299,False
bpi_2013_CZ,concept:name,False,attr_level,impact,categorical,0.913178312778473,0.9144703030586243,-0.0012919902801513672,-0.14148280374950056,0.8614121965815194,False
bpi_2013_CZ,concept:name,False,attr_level,lifecycle:transition,categorical,0.8183510303497314,0.7510638117790223,0.06728721857070918,8.222292888414064,8.694490585002377e-11,True
bpi_2013_CZ,concept:name,False,attr_level,org:group,categorical,0.8744565427303315,0.8709239304065705,0.0035326123237610085,0.4039780310558452,0.7437981026034077,False
bpi_2013_CZ,concept:name,False,attr_level,org:role,categorical,0.5913669168949127,0.5824940204620361,0.008872896432876587,1.5004046015061951,0.5610883586149529,False
bpi_2013_CZ,concept:name,False,attr_level,organization country,categorical,0.8906666517257691,0.8895999848842621,0.0010666668415070246,0.11976050068117347,0.8765978519847363,False
bpi_2013_CZ,concept:name,False,attr_level,organization involved,categorical,0.2729946538805962,0.2748663142323494,-0.0018716603517532349,-0.6856032985070365,0.9030248201554825,False
bpi_2013_CZ,concept:name,False,attr_level,product,categorical,0.359199994802475,0.294399993121624,0.06480000168085098,18.04008981583774,0.0036356659220830715,True
bpi_2013_CZ,concept:name,False,attr_level,resource country,categorical,0.7726342737674713,0.769565224647522,0.0030690491199493186,0.39721886850608007,0.5891050299851193,False
bpi_2013_CZ,concept:name,False,attr_level,time:timestamp,numerical,0.020607974659651467,0.018858836079016273,-0.0017491385806351935,-8.487678238754084,0.6054379778213708,False
bpi_2013_CZ,impact,False,odd,Activity,categorical,0.665976345539093,0.6769230902194977,-0.010946744680404685,-1.643713737541765,0.35966234820061027,False
bpi_2013_CZ,impact,False,odd,org:resource,categorical,0.16867469251155848,0.14487951546907424,0.02379517704248424,14.107141200719052,0.018046773137536547,True
bpi_2013_CZ,impact,False,odd,concept:name,categorical,0.8455621540546417,0.8411242723464966,0.004437881708145186,0.524843938067077,0.62029401937804,False
bpi_2013_CZ,impact,False,odd,lifecycle:transition,categorical,0.6928994238376618,0.6878698348999024,0.005029588937759399,0.7258757569609082,0.6223679063453853,False
bpi_2013_CZ,impact,False,odd,org:group,categorical,0.9390532612800598,0.9366863965988159,0.0023668646812439187,0.25204796989018,0.665856578556377,False
bpi_2013_CZ,impact,False,odd,org:role,categorical,0.7632124185562134,0.736528480052948,0.026683938503265336,3.4962662889767913,0.07857664311597118,False
bpi_2013_CZ,impact,False,odd,organization country,categorical,0.976627242565155,0.9671597898006439,0.009467452764511108,0.9694028951767126,0.037446913400847534,True
bpi_2013_CZ,impact,False,odd,organization involved,categorical,0.398516321182251,0.3646884232759476,0.03382789790630342,8.488459846750697,0.08482495199978718,False
bpi_2013_CZ,impact,False,odd,product,categorical,0.4352071076631546,0.38846154808998107,0.046745559573173556,10.74099176003212,0.03812679104385082,True
bpi_2013_CZ,impact,False,odd,resource country,categorical,0.8644970536231995,0.850000011920929,0.014497041702270508,1.6769336160848505,0.04261196797498596,True
bpi_2013_CZ,impact,False,odd,time:timestamp,numerical,0.01793842576444144,0.017534656636416873,-0.0004037691280245684,-2.2508615489824213,0.9160017303321368,False
bpi_2013_CZ,impact,False,even,Activity,categorical,0.6877404153347015,0.7002404212951661,-0.012500005960464522,-1.8175470979673578,0.25131534517865534,False
bpi_2013_CZ,impact,False,even,org:resource,categorical,0.1619164571166038,0.14373463839292527,0.018181818723678522,11.229135720641988,0.0671190902143693,False
bpi_2013_CZ,impact,False,even,concept:name,categorical,0.7451923310756683,0.7401442706584931,0.005048060417175204,0.6774171185965431,0.32843986686939675,False
bpi_2013_CZ,impact,False,even,lifecycle:transition,categorical,0.704807710647583,0.7026442527770996,0.002163457870483332,0.30695717963918545,0.580368375927522,False
bpi_2013_CZ,impact,False,even,org:group,categorical,0.947836571931839,0.947836571931839,0.0,0.0,1.0,False
bpi_2013_CZ,impact,False,even,org:role,categorical,0.7629385948181152,0.7469298303127289,0.016008764505386353,2.0983031418410345,0.22033948922787358,False
bpi_2013_CZ,impact,False,even,organization country,categorical,0.9699519574642181,0.962019270658493,0.00793268680572512,0.8178432699351256,0.1980625200400991,False
bpi_2013_CZ,impact,False,even,organization involved,categorical,0.41529126465320587,0.3725728213787079,0.042718443274497975,10.286381369030371,0.01920118820808856,True
bpi_2013_CZ,impact,False,even,product,categorical,0.43557694256305696,0.38509617149829867,0.05048077106475829,11.589403876090243,0.033557348459631646,True
bpi_2013_CZ,impact,False,even,resource country,categorical,0.8687500417232513,0.8538461863994599,0.01490385532379146,1.715551609554826,0.05537898654461978,False
bpi_2013_CZ,impact,False,even,time:timestamp,numerical,0.019702790956944195,0.017381092719733662,-0.002321698237210533,-11.78360082225943,0.5314906820990272,False
bpi_2013_CZ,impact,False,window,Activity,categorical,0.6454148650169372,0.6731441140174865,-0.027729249000549294,-4.296344956328456,0.06773203845056085,False
bpi_2013_CZ,impact,False,window,org:resource,categorical,0.15471264198422433,0.13655172586441036,0.018160916119813963,11.738482315922049,0.06079742979773576,False
bpi_2013_CZ,impact,False,window,concept:name,categorical,0.7853711903095245,0.7875546038150787,-0.002183413505554177,-0.27801038954505913,0.7821373636097366,False
bpi_2013_CZ,impact,False,window,lifecycle:transition,categorical,0.6973799228668213,0.681877738237381,0.015502184629440308,2.2229181140909846,0.2919556196430997,False
bpi_2013_CZ,impact,False,window,org:group,categorical,0.9497806966304779,0.9471491277217865,0.0026315689086914285,0.27707121423160147,0.6924958665328133,False
bpi_2013_CZ,impact,False,window,org:role,categorical,0.7318458259105682,0.7255577921867371,0.006288033723831132,0.8592019659342202,0.6536202534235861,False
bpi_2013_CZ,impact,False,window,organization country,categorical,0.9635371446609498,0.9574236035346985,0.006113541126251287,0.6344894081278543,0.31887934796566597,False
bpi_2013_CZ,impact,False,window,organization involved,categorical,0.3856194674968719,0.35619468688964845,0.029424780607223477,7.630522597374357,0.02093842571207842,True
bpi_2013_CZ,impact,False,window,product,categorical,0.42423581779003144,0.37641921937465667,0.04781659841537478,11.271230860342117,0.047550451563389266,True
bpi_2013_CZ,impact,False,window,resource country,categorical,0.8375545978546143,0.8222707509994507,0.015283846855163596,1.8248179753669767,0.13704234429401635,False
bpi_2013_CZ,impact,False,window,time:timestamp,numerical,0.01824308335781093,0.01697106668725605,-0.0012720166705548798,-6.972596932251888,0.7009038492041251,False
bpi_2013_CZ,impact,False,random,Activity,categorical,0.6214099287986755,0.6373368203639984,-0.015926891565322898,-2.56302495779447,0.29943648489386193,False
bpi_2013_CZ,impact,False,random,org:resource,categorical,0.11510989218950267,0.10851648598909372,0.006593406200408949,5.727923182791607,0.4624381664395023,False
bpi_2013_CZ,impact,False,random,concept:name,categorical,0.7485639750957489,0.7456919193267822,0.0028720557689666526,0.3836753924204391,0.5943646984278554,False
bpi_2013_CZ,impact,False,random,lifecycle:transition,categorical,0.6498694717884064,0.6456919193267823,0.004177552461624101,0.6428294669893784,0.6121120526248567,False
bpi_2013_CZ,impact,False,random,org:group,categorical,0.8754569351673126,0.8642297863960267,0.011227148771285944,1.282433015296209,0.41975438423787936,False
bpi_2013_CZ,impact,False,random,org:role,categorical,0.6752997756004333,0.6556355118751526,0.01966426372528074,2.911931032080758,0.14631506169109734,False
bpi_2013_CZ,impact,False,random,organization country,categorical,0.9159269034862518,0.9135770380496979,0.0023498654365539107,0.2565560010967821,0.7490228350402062,False
bpi_2013_CZ,impact,False,random,organization involved,categorical,0.317241370677948,0.2793103396892548,0.037931030988693215,11.956520963086946,0.019096865226773178,True
bpi_2013_CZ,impact,False,random,product,categorical,0.3806788563728333,0.33342037796974183,0.04725847840309144,12.414264047490711,0.031984987067695585,True
bpi_2013_CZ,impact,False,random,resource country,categorical,0.8148825287818908,0.8117493629455567,0.003133165836334162,0.38449294538412865,0.8072752071149645,False
bpi_2013_CZ,impact,False,random,time:timestamp,numerical,0.021178662311285686,0.01843634843826289,-0.002742313873022796,-12.948475369766255,0.4686074495271889,False
bpi_2013_CZ,impact,False,attr_level,Activity,categorical,0.7535897672176362,0.7492307960987091,0.004358971118927024,0.5784275886628589,0.7769132330868657,False
bpi_2013_CZ,impact,False,attr_level,org:resource,categorical,0.10427350476384159,0.08660968542098996,0.017663819342851633,16.93989224094521,0.11605757524366468,False
bpi_2013_CZ,impact,False,attr_level,concept:name,categorical,0.9005390644073487,0.8857142627239227,0.014824801683425926,1.6462141698630515,0.06646251510983035,False
bpi_2013_CZ,impact,False,attr_level,lifecycle:transition,categorical,0.8183510303497314,0.8018616676330567,0.016489362716674782,2.014949832668735,0.02575529880124602,True
bpi_2013_CZ,impact,False,attr_level,org:group,categorical,0.8744565427303315,0.8595108926296234,0.01494565010070803,1.7091358312721816,0.29254796517538184,False
bpi_2013_CZ,impact,False,attr_level,org:role,categorical,0.5913669168949127,0.5841726779937744,0.00719423890113835,1.2165440263234717,0.5746700646855274,False
bpi_2013_CZ,impact,False,attr_level,organization country,categorical,0.8906666517257691,0.8882666528224945,0.0023999989032745805,0.26946095922916913,0.7484953655325066,False
bpi_2013_CZ,impact,False,attr_level,organization involved,categorical,0.2729946538805962,0.258556155860424,0.014438498020172164,5.288930685978689,0.2932717916615419,False
bpi_2013_CZ,impact,False,attr_level,product,categorical,0.359199994802475,0.2951999932527542,0.0640000015497208,17.817372626888417,0.0032571113502709755,True
bpi_2013_CZ,impact,False,attr_level,resource country,categorical,0.7726342737674713,0.7659846544265747,0.006649619340896584,0.8606425532318316,0.35536970306046245,False
bpi_2013_CZ,impact,False,attr_level,time:timestamp,numerical,0.020607974659651467,0.021730199828743867,0.0011222251690924008,5.445586903256511,0.7798702568391047,False
bpi_2013_CZ,lifecycle:transition,False,odd,Activity,categorical,0.665976345539093,0.6973372817039489,-0.03136093616485591,-4.709016525124468,0.013403110756538066,True
bpi_2013_CZ,lifecycle:transition,False,odd,org:resource,categorical,0.16867469251155848,0.1575301110744476,0.01114458143711089,6.6071449552796455,0.3081581479963827,False
bpi_2013_CZ,lifecycle:transition,False,odd,impact,categorical,1.0,1.0,0.0,0.0,,False
bpi_2013_CZ,lifecycle:transition,False,odd,concept:name,categorical,0.8455621540546417,0.8494083046913147,-0.0038461506366729292,-0.45486314852549375,0.6626428949711866,False
bpi_2013_CZ,lifecycle:transition,False,odd,org:group,categorical,0.9390532612800598,0.9378698348999024,0.0011834263801574485,0.12602335021383923,0.8220273433986217,False
bpi_2013_CZ,lifecycle:transition,False,odd,org:role,categorical,0.7632124185562134,0.7290155231952667,0.03419689536094661,4.480652375342329,0.021008034772606182,True
bpi_2013_CZ,lifecycle:transition,False,odd,organization country,categorical,0.976627242565155,0.9715976536273956,0.005029588937759399,0.5149957648681763,0.008580748887379851,True
bpi_2013_CZ,lifecycle:transition,False,odd,organization involved,categorical,0.398516321182251,0.36023738980293274,0.03827893137931826,9.605361021540794,0.05002793180018025,False
bpi_2013_CZ,lifecycle:transition,False,odd,product,categorical,0.4352071076631546,0.39260355532169344,0.04260355234146118,9.789259318447494,0.07351526692599322,False
bpi_2013_CZ,lifecycle:transition,False,odd,resource country,categorical,0.8644970536231995,0.8532544434070587,0.011242610216140814,1.3004798765966679,0.06221004946933769,False
bpi_2013_CZ,lifecycle:transition,False,odd,time:timestamp,numerical,0.01793842576444144,0.016191707225516397,-0.0017467185389250448,-9.737301153747218,0.5873099891496651,False
bpi_2013_CZ,lifecycle:transition,False,even,Activity,categorical,0.6877404153347015,0.7019231021404266,-0.014182686805725098,-2.062215116269244,0.14321016602178907,False
bpi_2013_CZ,lifecycle:transition,False,even,org:resource,categorical,0.1619164571166038,0.16142505705356594,0.0004914000630378557,0.30348988100942387,0.9638763127512684,False
bpi_2013_CZ,lifecycle:transition,False,even,impact,categorical,1.0,1.0,0.0,0.0,,False
bpi_2013_CZ,lifecycle:transition,False,even,concept:name,categorical,0.7451923310756683,0.7365384936332703,0.008653837442398005,1.1612891171204602,0.08594970268713881,False
bpi_2013_CZ,lifecycle:transition,False,even,org:group,categorical,0.947836571931839,0.9480769574642182,-0.0002403855323791504,-0.02536149579976716,0.9567056686576796,False
bpi_2013_CZ,lifecycle:transition,False,even,org:role,categorical,0.7629385948181152,0.7243421077728271,0.038596487045288064,5.058924441289994,0.005173567355134066,True
bpi_2013_CZ,lifecycle:transition,False,even,organization country,categorical,0.9699519574642181,0.9668269574642181,0.0031250000000000444,0.3221809055543173,0.36664187318517605,False
bpi_2013_CZ,lifecycle:transition,False,even,organization involved,categorical,0.41529126465320587,0.37111651301383974,0.04417475163936613,10.637052931092786,0.01981887446797346,True
bpi_2013_CZ,lifecycle:transition,False,even,product,categorical,0.43557694256305696,0.3776442468166351,0.05793269574642185,13.300220945013667,0.018140340708121237,True
bpi_2013_CZ,lifecycle:transition,False,even,resource country,categorical,0.8687500417232513,0.8605769515037537,0.008173090219497636,0.9407873182124408,0.21823265920405122,False
bpi_2013_CZ,lifecycle:transition,False,even,time:timestamp,numerical,0.019702790956944195,0.01740297758951778,-0.002299813367426417,-11.672525849013558,0.48273243477204175,False
bpi_2013_CZ,lifecycle:transition,False,window,Activity,categorical,0.6454148650169372,0.6938864707946777,-0.048471605777740456,-7.510147101503224,0.0011219999627331216,True
bpi_2013_CZ,lifecycle:transition,False,window,org:resource,categorical,0.15471264198422433,0.14390804693102832,0.010804595053196003,6.983653639821961,0.35254093203879366,False
bpi_2013_CZ,lifecycle:transition,False,window,impact,categorical,1.0,0.9993449807167053,0.0006550192832946999,0.06550192832947,0.3434363961378979,False
bpi_2013_CZ,lifecycle:transition,False,window,concept:name,categorical,0.7853711903095245,0.789301335811615,-0.003930145502090476,-0.5004188529683088,0.7052219159901949,False
bpi_2013_CZ,lifecycle:transition,False,window,org:group,categorical,0.9497806966304779,0.9541666746139527,-0.0043859779834747314,-0.46178849486358237,0.34194518082658176,False
bpi_2013_CZ,lifecycle:transition,False,window,org:role,categorical,0.7318458259105682,0.7111561715602874,0.020689654350280806,2.82705094676718,0.15777148072462585,False
bpi_2013_CZ,lifecycle:transition,False,window,organization country,categorical,0.9635371446609498,0.9657205462455749,-0.0021834015846251553,-0.2266027414431908,0.636432711417322,False
bpi_2013_CZ,lifecycle:transition,False,window,organization involved,categorical,0.3856194674968719,0.3517699122428894,0.03384955525398253,8.777968465572117,0.0716749021856473,False
bpi_2013_CZ,lifecycle:transition,False,window,product,categorical,0.42423581779003144,0.37423581480979917,0.05000000298023227,11.785898522358844,0.04624575415008902,True
bpi_2013_CZ,lifecycle:transition,False,window,resource country,categorical,0.8375545978546143,0.8264192342758179,0.011135363578796409,1.3295089785572791,0.0912741042267114,False
bpi_2013_CZ,lifecycle:transition,False,window,time:timestamp,numerical,0.01824308335781093,0.01622161059640343,-0.0020214727614074994,-11.080762619779343,0.5087221809627458,False
bpi_2013_CZ,lifecycle:transition,False,random,Activity,categorical,0.6214099287986755,0.6446475386619568,-0.023237609863281272,-3.739497678803551,0.1127108264303135,False
bpi_2013_CZ,lifecycle:transition,False,random,org:resource,categorical,0.11510989218950267,0.1173076950013637,-0.0021978028118610354,-1.9093083748552602,0.8090775968736941,False
bpi_2013_CZ,lifecycle:transition,False,random,impact,categorical,0.9446475327014923,0.9469973921775818,-0.0023498594760895664,-0.24875515943702992,0.7760711272326413,False
bpi_2013_CZ,lifecycle:transition,False,random,concept:name,categorical,0.7485639750957489,0.7537859082221985,-0.005221933126449585,-0.6975934322489467,0.4493812409417989,False
bpi_2013_CZ,lifecycle:transition,False,random,org:group,categorical,0.8754569351673126,0.8741514444351196,0.0013054907321929932,0.14912106806755662,0.9099921449122511,False
bpi_2013_CZ,lifecycle:transition,False,random,org:role,categorical,0.6752997756004333,0.6477218389511108,0.02757793664932251,4.083806576835003,0.028541330271408108,True
bpi_2013_CZ,lifecycle:transition,False,random,organization country,categorical,0.9159269034862518,0.9099216938018799,0.006005209684371904,0.6556428969947865,0.4428444308238858,False
bpi_2013_CZ,lifecycle:transition,False,random,organization involved,categorical,0.317241370677948,0.28196286261081693,0.035278508067131065,11.120399584625591,0.03243532573610447,True
bpi_2013_CZ,lifecycle:transition,False,random,product,categorical,0.3806788563728333,0.3289817273616791,0.0516971290111542,13.580247010231247,0.022124784989876783,True
bpi_2013_CZ,lifecycle:transition,False,random,resource country,categorical,0.8148825287818908,0.8099216818809509,0.004960846900939897,0.6087806187666718,0.6881006197088215,False
bpi_2013_CZ,lifecycle:transition,False,random,time:timestamp,numerical,0.021178662311285686,0.01919410238042469,-0.0019845599308609962,-9.370563171987799,0.5891701149643661,False
bpi_2013_CZ,lifecycle:transition,False,attr_level,Activity,categorical,0.7535897672176362,0.7015384912490845,0.052051275968551636,6.907110238602705,0.0004667176920715652,True
bpi_2013_CZ,lifecycle:transition,False,attr_level,org:resource,categorical,0.10427350476384159,0.09686609655618661,0.007407408207654981,7.103825870657424,0.513739212910405,False
bpi_2013_CZ,lifecycle:transition,False,attr_level,impact,categorical,0.913178312778473,0.9064599692821502,0.006718343496322721,0.735709926781027,0.5276392934382008,False
bpi_2013_CZ,lifecycle:transition,False,attr_level,concept:name,categorical,0.9005390644073487,0.8072776079177857,0.09326145648956297,10.356181111470052,1.2243530811819996e-07,True
bpi_2013_CZ,lifecycle:transition,False,attr_level,org:group,categorical,0.8744565427303315,0.8676630616188049,0.006793481111526556,0.7768803570632735,0.6016570928853853,False
bpi_2013_CZ,lifecycle:transition,False,attr_level,org:role,categorical,0.5913669168949127,0.5805755436420441,0.010791373252868608,1.8248185592678767,0.3956301056604997,False
bpi_2013_CZ,lifecycle:transition,False,attr_level,organization country,categorical,0.8906666517257691,0.891733318567276,-0.0010666668415069136,-0.11976050068116101,0.8628341683611734,False
bpi_2013_CZ,lifecycle:transition,False,attr_level,organization involved,categorical,0.2729946538805962,0.2561497375369072,0.01684491634368901,6.170419861429494,0.22039084853494528,False
bpi_2013_CZ,lifecycle:transition,False,attr_level,product,categorical,0.359199994802475,0.30426666140556335,0.05493333339691164,15.293244485462651,0.011891933057163684,True
bpi_2013_CZ,lifecycle:transition,False,attr_level,resource country,categorical,0.7726342737674713,0.7618925869464874,0.010741686820983865,1.390267968388966,0.16741340637205046,False
bpi_2013_CZ,lifecycle:transition,False,attr_level,time:timestamp,numerical,0.020607974659651467,0.01837005978450173,-0.002237914875149738,-10.859460534621926,0.4942240253229583,False
bpi_2013_CZ,org:group,False,odd,Activity,categorical,0.665976345539093,0.6896449744701385,-0.023668628931045488,-3.553974415095218,0.08717576429308815,False
bpi_2013_CZ,org:group,False,odd,org:resource,categorical,0.16867469251155848,0.14728915244340895,0.021385540068149522,12.67857065557364,0.07647708251715907,False
bpi_2013_CZ,org:group,False,odd,impact,categorical,1.0,1.0,0.0,0.0,,False
bpi_2013_CZ,org:group,False,odd,concept:name,categorical,0.8455621540546417,0.8467455863952636,-0.0011834323406219038,-0.1399580545258685,0.8620498092480628,False
bpi_2013_CZ,org:group,False,odd,lifecycle:transition,categorical,0.6928994238376618,0.707988166809082,-0.015088742971420266,-2.177623829999804,0.10050117750584792,False
bpi_2013_CZ,org:group,False,odd,org:role,categorical,0.7632124185562134,0.7689118921756745,-0.005699473619461104,-0.7467742244345199,0.5949225399693178,False
bpi_2013_CZ,org:group,False,odd,organization country,categorical,0.976627242565155,0.9707100749015808,0.0059171676635741965,0.6058778012409823,0.0075761232156633836,True
bpi_2013_CZ,org:group,False,odd,organization involved,categorical,0.398516321182251,0.3771513313055038,0.021364989876747176,5.361132967745243,0.3088297364920639,False
bpi_2013_CZ,org:group,False,odd,product,categorical,0.4352071076631546,0.40325444340705874,0.031952664256095886,7.341944488835621,0.21894605397388814,False
bpi_2013_CZ,org:group,False,odd,resource country,categorical,0.8644970536231995,0.8562130331993103,0.008284020423889205,0.9582473866359625,0.13518986544327885,False
bpi_2013_CZ,org:group,False,odd,time:timestamp,numerical,0.01793842576444144,0.017983248271048018,4.482250660657605e-05,0.24986867406963742,0.9871262299754646,False
bpi_2013_CZ,org:group,False,even,Activity,categorical,0.6877404153347015,0.6978365659713746,-0.010096150636673018,-1.4680176432207406,0.3289914819002685,False
bpi_2013_CZ,org:group,False,even,org:resource,categorical,0.1619164571166038,0.15601965039968485,0.005896806716918945,3.641882253310652,0.629299265956558,False
bpi_2013_CZ,org:group,False,even,impact,categorical,1.0,1.0,0.0,0.0,,False
bpi_2013_CZ,org:group,False,even,concept:name,categorical,0.7451923310756683,0.7432692527770997,0.0019230782985686368,0.2580646926133441,0.7080423510821752,False
bpi_2013_CZ,org:group,False,even,lifecycle:transition,categorical,0.704807710647583,0.7033654153347015,0.0014422953128814253,0.20463671028176364,0.6926587320767423,False
bpi_2013_CZ,org:group,False,even,org:role,categorical,0.7629385948181152,0.7618421077728271,0.001096487045288086,0.14371891168377565,0.9320567176413994,False
bpi_2013_CZ,org:group,False,even,organization country,categorical,0.9699519574642181,0.961778873205185,0.008173084259033181,0.842627740079043,0.021219753808151175,True
bpi_2013_CZ,org:group,False,even,organization involved,categorical,0.41529126465320587,0.39271844923496246,0.022572815418243408,5.435417823462557,0.25581341449505096,False
bpi_2013_CZ,org:group,False,even,product,categorical,0.43557694256305696,0.3995192438364029,0.03605769872665404,8.278146798698854,0.13885831902241447,False
bpi_2013_CZ,org:group,False,even,resource country,categorical,0.8687500417232513,0.8572115659713745,0.011538475751876831,1.3281698069319372,0.11607414063629899,False
bpi_2013_CZ,org:group,False,even,time:timestamp,numerical,0.019702790956944195,0.018989928159862692,-0.0007128627970815031,-3.61808029450902,0.803137418644728,False
bpi_2013_CZ,org:group,False,window,Activity,categorical,0.6454148650169372,0.6711790561676025,-0.025764191150665305,-3.991880656481191,0.07987183796958111,False
bpi_2013_CZ,org:group,False,window,org:resource,categorical,0.15471264198422433,0.13862069025635715,0.016091951727867176,10.401187337688947,0.1702109120574307,False
bpi_2013_CZ,org:group,False,window,impact,categorical,1.0,0.999563318490982,0.00043668150901798874,0.043668150901798874,0.3434363961378672,False
bpi_2013_CZ,org:group,False,window,concept:name,categorical,0.7853711903095245,0.7746725022792816,0.010698688030242876,1.3622460515805768,0.1887087906165679,False
bpi_2013_CZ,org:group,False,window,lifecycle:transition,categorical,0.6973799228668213,0.6855895221233368,0.011790400743484475,1.690671090015892,0.352207258215367,False
bpi_2013_CZ,org:group,False,window,org:role,categorical,0.7318458259105682,0.7395537436008454,-0.007707917690277122,-1.0532160487062792,0.6085777634330667,False
bpi_2013_CZ,org:group,False,window,organization country,categorical,0.9635371446609498,0.9613537311553955,0.002183413505554288,0.22660397864812876,0.6189412623567369,False
bpi_2013_CZ,org:group,False,window,organization involved,categorical,0.3856194674968719,0.3648230075836182,0.02079645991325374,5.393000526723261,0.18686289840810286,False
bpi_2013_CZ,org:group,False,window,product,categorical,0.42423581779003144,0.38799127042293546,0.03624454736709598,8.543490635916703,0.18660423164787115,False
bpi_2013_CZ,org:group,False,window,resource country,categorical,0.8375545978546143,0.8281659543514251,0.009388643503189131,1.120958983120387,0.0786826853165173,False
bpi_2013_CZ,org:group,False,window,time:timestamp,numerical,0.01824308335781093,0.01735863974317902,-0.00088444361463191,-4.848103784239017,0.7263188912924718,False
bpi_2013_CZ,org:group,False,random,Activity,categorical,0.6214099287986755,0.6310705065727233,-0.00966057777404783,-1.5546223718574772,0.4949497135644958,False
bpi_2013_CZ,org:group,False,random,org:resource,categorical,0.11510989218950267,0.11263736486434932,0.002472527325153351,2.1479711935468484,0.7988490150353615,False
bpi_2013_CZ,org:group,False,random,impact,categorical,0.9446475327014923,0.9485639870166779,-0.0039164543151856135,-0.41459424596022415,0.6670596279744672,False
bpi_2013_CZ,org:group,False,random,concept:name,categorical,0.7485639750957489,0.7454308211803437,0.0031331539154052512,0.41855526309618213,0.5508181409935122,False
bpi_2013_CZ,org:group,False,random,lifecycle:transition,categorical,0.6498694717884064,0.6509138524532319,-0.0010443806648254839,-0.16070622027395803,0.8846517604814332,False
bpi_2013_CZ,org:group,False,random,org:role,categorical,0.6752997756004333,0.6930455803871155,-0.017745804786682196,-2.627841060794632,0.16218155787768862,False
bpi_2013_CZ,org:group,False,random,organization country,categorical,0.9159269034862518,0.9086162030696869,0.007310700416564897,0.7981750933113224,0.37640403232115016,False
bpi_2013_CZ,org:group,False,random,organization involved,categorical,0.317241370677948,0.29814323335886,0.019098137319087993,6.020065188306015,0.17675041368898112,False
bpi_2013_CZ,org:group,False,random,product,categorical,0.3806788563728333,0.3402088820934296,0.040469974279403687,10.631001328786114,0.09216493185413589,False
bpi_2013_CZ,org:group,False,random,resource country,categorical,0.8148825287818908,0.8018276929855347,0.013054835796356135,1.6020512571144294,0.36507993142449635,False
bpi_2013_CZ,org:group,False,random,time:timestamp,numerical,0.021178662311285686,0.019431564118713093,-0.0017470981925725923,-8.249332119723155,0.557944779486604,False
bpi_2013_CZ,org:group,False,attr_level,Activity,categorical,0.7535897672176362,0.76461541056633,-0.011025643348693825,-1.463082943575802,0.3636305068623191,False
bpi_2013_CZ,org:group,False,attr_level,org:resource,categorical,0.10427350476384159,0.09088319092988964,0.01339031383395195,12.841530419715252,0.2940312068038898,False
bpi_2013_CZ,org:group,False,attr_level,impact,categorical,0.913178312778473,0.9012920081615448,0.01188630461692819,1.3016411417790292,0.2253505360609648,False
bpi_2013_CZ,org:group,False,attr_level,concept:name,categorical,0.9005390644073487,0.8924528062343597,0.008086258172988914,0.897935302596844,0.36197913958012484,False
bpi_2013_CZ,org:group,False,attr_level,lifecycle:transition,categorical,0.8183510303497314,0.8103723168373108,0.007978713512420632,0.97497445674515,0.31399443543102723,False
bpi_2013_CZ,org:group,False,attr_level,org:role,categorical,0.5913669168949127,0.6059952139854431,-0.014628297090530373,-2.473641435225883,0.2854479133881388,False
bpi_2013_CZ,org:group,False,attr_level,organization country,categorical,0.8906666517257691,0.8850666522979737,0.005599999427795432,0.6287424612726646,0.333663709742827,False
bpi_2013_CZ,org:group,False,attr_level,organization involved,categorical,0.2729946538805962,0.2641711294651031,0.008823524415493056,3.232123519661427,0.6092210208603717,False
bpi_2013_CZ,org:group,False,attr_level,product,categorical,0.359199994802475,0.31626666337251663,0.042933331429958366,11.952486651222674,0.08822641782233458,False
bpi_2013_CZ,org:group,False,attr_level,resource country,categorical,0.7726342737674713,0.7572889983654022,0.015345275402069092,1.9860981997657718,0.10001948606687525,False
bpi_2013_CZ,org:group,False,attr_level,time:timestamp,numerical,0.020607974659651467,0.020875011198222593,0.00026703653857112694,1.29579225023971,0.9324656709948167,False
bpi_2013_CZ,org:resource,False,odd,Activity,categorical,0.665976345539093,0.7017751574516297,-0.03579881191253664,-5.375387902637638,0.010322188357632508,True
bpi_2013_CZ,org:resource,False,odd,impact,categorical,1.0,1.0,0.0,0.0,,False
bpi_2013_CZ,org:resource,False,odd,concept:name,categorical,0.8455621540546417,0.8278106570243835,0.017751497030258245,2.099372227711023,0.23985175082143737,False
bpi_2013_CZ,org:resource,False,odd,lifecycle:transition,categorical,0.6928994238376618,0.7073964715003968,-0.014497047662734963,-2.0922297181952128,0.03007214238515722,True
bpi_2013_CZ,org:resource,False,odd,org:group,categorical,0.9390532612800598,0.9411242723464965,-0.002071011066436701,-0.22054244970233378,0.725859382289521,False
bpi_2013_CZ,org:resource,False,odd,org:role,categorical,0.7632124185562134,0.7264248549938201,0.03678756356239321,4.820094991638776,0.013029508352982926,True
bpi_2013_CZ,org:resource,False,odd,organization country,categorical,0.976627242565155,0.9736686646938324,0.0029585778713225874,0.3029382903093867,0.26016017253205087,False
bpi_2013_CZ,org:resource,False,odd,organization involved,categorical,0.398516321182251,0.3195845678448677,0.07893175333738328,19.80640419022786,0.0012312183789830746,True
bpi_2013_CZ,org:resource,False,odd,product,categorical,0.4352071076631546,0.3955621361732483,0.03964497148990631,9.1094494533373,0.1332584397632549,False
bpi_2013_CZ,org:resource,False,odd,resource country,categorical,0.8644970536231995,0.8639053344726563,0.0005917191505432351,0.06844663588652812,0.9119603728983985,False
bpi_2013_CZ,org:resource,False,odd,time:timestamp,numerical,0.01793842576444144,0.016674131713807553,-0.0012642940506338886,-7.047965452687846,0.6752233007078434,False
bpi_2013_CZ,org:resource,False,even,Activity,categorical,0.6877404153347015,0.6944711804389954,-0.006730765104293823,-0.9786781399226294,0.49273508638404506,False
bpi_2013_CZ,org:resource,False,even,impact,categorical,1.0,1.0,0.0,0.0,,False
bpi_2013_CZ,org:resource,False,even,concept:name,categorical,0.7451923310756683,0.7382211923599243,0.006971138715743952,0.9354818112099021,0.20785494279545394,False
bpi_2013_CZ,org:resource,False,even,lifecycle:transition,categorical,0.704807710647583,0.7036057949066162,0.0012019157409667303,0.1705310147447735,0.7390566661085958,False
bpi_2013_CZ,org:resource,False,even,org:group,categorical,0.947836571931839,0.9512019634246827,-0.00336539149284365,-0.355060312347355,0.41589335771485514,False
bpi_2013_CZ,org:resource,False,even,org:role,categorical,0.7629385948181152,0.7232456266880035,0.039692968130111694,5.202642571722893,0.012875278060707264,True
bpi_2013_CZ,org:resource,False,even,organization country,categorical,0.9699519574642181,0.9663461983203888,0.0036057591438293235,0.3717461587742959,0.37289638983055073,False
bpi_2013_CZ,org:resource,False,even,organization involved,categorical,0.41529126465320587,0.3419902965426445,0.07330096811056136,17.65049601314688,0.004178511075019695,True
bpi_2013_CZ,org:resource,False,even,product,categorical,0.43557694256305696,0.38870193958282473,0.04687500298023223,10.761589606742396,0.09304559665829279,False
bpi_2013_CZ,org:resource,False,even,resource country,categorical,0.8687500417232513,0.8687500298023224,1.1920928910669204e-08,1.3721931900023702e-06,0.9999988808324038,False
bpi_2013_CZ,org:resource,False,even,time:timestamp,numerical,0.019702790956944195,0.018601018190383865,-0.00110177276656033,-5.5919629303685685,0.7325907267734397,False
bpi_2013_CZ,org:resource,False,window,Activity,categorical,0.6454148650169372,0.6980349481105804,-0.05262008309364319,-8.152908454047198,0.0018626795237449171,True
bpi_2013_CZ,org:resource,False,window,impact,categorical,1.0,1.0,0.0,0.0,,False
bpi_2013_CZ,org:resource,False,window,concept:name,categorical,0.7853711903095245,0.7895196676254272,-0.004148477315902732,-0.5282186776252598,0.6122054874739312,False
bpi_2013_CZ,org:resource,False,window,lifecycle:transition,categorical,0.6973799228668213,0.7128821074962616,-0.015502184629440308,-2.2229181140909846,0.14152499352734443,False
bpi_2013_CZ,org:resource,False,window,org:group,categorical,0.9497806966304779,0.9565789580345154,-0.006798261404037498,-0.7157716963669174,0.13995899621455182,False
bpi_2013_CZ,org:resource,False,window,org:role,categorical,0.7318458259105682,0.7068965494632721,0.024949276447296165,3.4090891228701183,0.08422663723307429,False
bpi_2013_CZ,org:resource,False,window,organization country,categorical,0.9635371446609498,0.9655022025108337,-0.001965057849883989,-0.20394209613739955,0.7199838928580624,False
bpi_2013_CZ,org:resource,False,window,organization involved,categorical,0.3856194674968719,0.32455752044916153,0.061061947047710396,15.83476774242621,0.006103117240006165,True
bpi_2013_CZ,org:resource,False,window,product,categorical,0.42423581779003144,0.37947598695755,0.04475983083248142,10.550695852521006,0.14343926102403168,False
bpi_2013_CZ,org:resource,False,window,resource country,categorical,0.8375545978546143,0.8340611457824707,0.003493452072143577,0.417101414175507,0.6573374621633141,False
bpi_2013_CZ,org:resource,False,window,time:timestamp,numerical,0.01824308335781093,0.01657417416572566,-0.001668909192085271,-9.148175006122052,0.550543069954748,False
bpi_2013_CZ,org:resource,False,random,Activity,categorical,0.6214099287986755,0.6370757281780243,-0.015665799379348755,-2.52100886280241,0.25723609485945387,False
bpi_2013_CZ,org:resource,False,random,impact,categorical,0.9446475327014923,0.9422976672649384,0.0023498654365539107,0.24875579040933843,0.8026155068951732,False
bpi_2013_CZ,org:resource,False,random,concept:name,categorical,0.7485639750957489,0.7386423051357269,0.009921669960021973,1.3254271231464072,0.12287618472891051,False
bpi_2013_CZ,org:resource,False,random,lifecycle:transition,categorical,0.6498694717884064,0.6530026257038116,-0.0031331539154052512,-0.48212049517928235,0.5935323647266144,False
bpi_2013_CZ,org:resource,False,random,org:group,categorical,0.8754569351673126,0.8832898437976837,-0.007832908630371116,-0.8947223233629571,0.5037696447541054,False
bpi_2013_CZ,org:resource,False,random,org:role,categorical,0.6752997756004333,0.6505995392799377,0.02470023632049556,3.6576698546262203,0.11643204498796351,False
bpi_2013_CZ,org:resource,False,random,organization country,categorical,0.9159269034862518,0.9107049763202667,0.00522192716598513,0.5701248807201907,0.46698806905149026,False
bpi_2013_CZ,org:resource,False,random,organization involved,categorical,0.317241370677948,0.26843500733375547,0.04880636334419253,15.38461495103644,0.006249049181012746,True
bpi_2013_CZ,org:resource,False,random,product,categorical,0.3806788563728333,0.3402088820934296,0.040469974279403687,10.631001328786114,0.08648438503046355,False
bpi_2013_CZ,org:resource,False,random,resource country,categorical,0.8148825287818908,0.8164491057395935,-0.0015665769577026811,-0.19224574124131047,0.9124390319498211,False
bpi_2013_CZ,org:resource,False,random,time:timestamp,numerical,0.021178662311285686,0.01997491875663395,-0.0012037435546517344,-5.683756306035833,0.7218324921380501,False
bpi_2013_CZ,org:resource,False,attr_level,Activity,categorical,0.7535897672176362,0.761794900894165,-0.008205133676528864,-1.0888064081368063,0.47094336184931407,False
bpi_2013_CZ,org:resource,False,attr_level,impact,categorical,0.913178312778473,0.897157633304596,0.016020679473876975,1.7543867664938093,0.09856437972552044,False
bpi_2013_CZ,org:resource,False,attr_level,concept:name,categorical,0.9005390644073487,0.8843665540218353,0.016172510385513372,1.795869943316298,0.15209039028301746,False
bpi_2013_CZ,org:resource,False,attr_level,lifecycle:transition,categorical,0.8183510303497314,0.8071808218955994,0.01117020845413208,1.3649654048041422,0.1828545121965416,False
bpi_2013_CZ,org:resource,False,attr_level,org:group,categorical,0.8744565427303315,0.8711956679821015,0.0032608747482300027,0.37290300762671574,0.8044516938540134,False
bpi_2013_CZ,org:resource,False,attr_level,org:role,categorical,0.5913669168949127,0.5697841823101044,0.021582734584808305,3.6496351027096106,0.18447891323154453,False
bpi_2013_CZ,org:resource,False,attr_level,organization country,categorical,0.8906666517257691,0.8898666501045227,0.0008000016212463823,0.08982054281433881,0.9001553088990606,False
bpi_2013_CZ,org:resource,False,attr_level,organization involved,categorical,0.2729946538805962,0.23048128634691234,0.04251336753368384,15.572967063405779,0.002533000147267884,True
bpi_2013_CZ,org:resource,False,attr_level,product,categorical,0.359199994802475,0.30186666250228883,0.05733333230018617,15.961395637467621,0.017797450779117156,True
bpi_2013_CZ,org:resource,False,attr_level,resource country,categorical,0.7726342737674713,0.7562659800052642,0.016368293762207053,2.1185047464168263,0.18320105267547726,False
bpi_2013_CZ,org:resource,False,attr_level,time:timestamp,numerical,0.020607974659651467,0.01939651966094964,-0.0012114549987018268,-5.878573798296371,0.7057754985570475,False
bpi_2013_CZ,org:role,False,odd,Activity,categorical,0.665976345539093,0.6834319651126861,-0.017455619573593095,-2.6210569925667797,0.1800869383130416,False
bpi_2013_CZ,org:role,False,odd,org:resource,categorical,0.16867469251155848,0.1412650533020496,0.027409639209508868,16.25000099385426,0.03382653432531567,True
bpi_2013_CZ,org:role,False,odd,impact,categorical,1.0,1.0,0.0,0.0,,False
bpi_2013_CZ,org:role,False,odd,concept:name,categorical,0.8455621540546417,0.8417159914970398,0.003846162557601951,0.4548645583484103,0.7488862218708796,False
bpi_2013_CZ,org:role,False,odd,lifecycle:transition,categorical,0.6928994238376618,0.6914201319217682,0.001479291915893577,0.2134930214980461,0.864724520739888,False
bpi_2013_CZ,org:role,False,odd,org:group,categorical,0.9390532612800598,0.9446745634078979,-0.005621302127838068,-0.5986137698063531,0.24566609379944623,False
bpi_2013_CZ,org:role,False,odd,organization country,categorical,0.976627242565155,0.9704142272472381,0.006213015317916848,0.6361705927430497,0.015882401198825197,True
bpi_2013_CZ,org:role,False,odd,organization involved,categorical,0.398516321182251,0.3222551912069321,0.07626112997531892,19.136262662738694,0.0016221245631591783,True
bpi_2013_CZ,org:role,False,odd,product,categorical,0.4352071076631546,0.3633136123418808,0.07189349532127381,16.519375271076356,0.011197280712545348,True
bpi_2013_CZ,org:role,False,odd,resource country,categorical,0.8644970536231995,0.8615384757518768,0.0029585778713226984,0.3422311110168603,0.6364089087629043,False
bpi_2013_CZ,org:role,False,odd,time:timestamp,numerical,0.01793842576444144,0.021223469963297204,0.0032850441988557626,18.312890116409,0.409530661050201,False
bpi_2013_CZ,org:role,False,even,Activity,categorical,0.6877404153347015,0.6927884876728058,-0.005048072338104226,-0.734008388273574,0.6344076625827005,False
bpi_2013_CZ,org:role,False,even,org:resource,categorical,0.1619164571166038,0.15184274837374684,0.010073708742856957,6.2215471621901886,0.47120918959941804,False
bpi_2013_CZ,org:role,False,even,impact,categorical,1.0,1.0,0.0,0.0,,False
bpi_2013_CZ,org:role,False,even,concept:name,categorical,0.7451923310756683,0.7430288851261139,0.002163445949554421,0.2903204796044446,0.6861574830491236,False
bpi_2013_CZ,org:role,False,even,lifecycle:transition,categorical,0.704807710647583,0.6932692587375641,0.011538451910018899,1.6371063675533966,0.07309479942095728,False
bpi_2013_CZ,org:role,False,even,org:group,categorical,0.947836571931839,0.9492788910865784,-0.0014423191547393577,-0.15216960364798818,0.670771689566428,False
bpi_2013_CZ,org:role,False,even,organization country,categorical,0.9699519574642181,0.9649038910865784,0.0050480663776397705,0.5204449909908033,0.21190418710790085,False
bpi_2013_CZ,org:role,False,even,organization involved,categorical,0.41529126465320587,0.3281553417444229,0.08713592290878297,20.98188195254887,0.00017900680634063047,True
bpi_2013_CZ,org:role,False,even,product,categorical,0.43557694256305696,0.35961540043354034,0.07596154212951661,17.43929366015969,0.008095526126136223,True
bpi_2013_CZ,org:role,False,even,resource country,categorical,0.8687500417232513,0.8709134995937348,-0.002163457870483443,-0.24903110982210844,0.6807460870353736,False
bpi_2013_CZ,org:role,False,even,time:timestamp,numerical,0.019702790956944195,0.02206677235662933,0.0023639813996851333,11.99820576105719,0.600734583441219,False
bpi_2013_CZ,org:role,False,window,Activity,categorical,0.6454148650169372,0.678384292125702,-0.032969427108764715,-5.108253449957264,0.0687114848961062,False
bpi_2013_CZ,org:role,False,window,org:resource,categorical,0.15471264198422433,0.13149425238370893,0.023218389600515393,15.007428806550221,0.10090626830116077,False
bpi_2013_CZ,org:role,False,window,impact,categorical,1.0,0.9984716176986694,0.0015283823013305664,0.15283823013305664,0.1726852394901972,False
bpi_2013_CZ,org:role,False,window,concept:name,categorical,0.7853711903095245,0.7786026298999786,0.006768560409545876,0.8618294754201898,0.39121157778051596,False
bpi_2013_CZ,org:role,False,window,lifecycle:transition,categorical,0.6973799228668213,0.685807865858078,0.011572057008743308,1.6593619387797067,0.29135250373492033,False
bpi_2013_CZ,org:role,False,window,org:group,categorical,0.9497806966304779,0.9513157904148102,-0.0015350937843322532,-0.16162613009279736,0.7201038323598359,False
bpi_2013_CZ,org:role,False,window,organization country,categorical,0.9635371446609498,0.9609170496463776,0.0026200950145721658,0.2719246506572538,0.6180142571666309,False
bpi_2013_CZ,org:role,False,window,organization involved,categorical,0.3856194674968719,0.3137168109416962,0.07190265655517575,18.646013133597567,0.0017054717408340207,True
bpi_2013_CZ,org:role,False,window,product,categorical,0.42423581779003144,0.3423580825328827,0.08187773525714875,19.300052429253583,0.008397701861880318,True
bpi_2013_CZ,org:role,False,window,resource country,categorical,0.8375545978546143,0.8349345088005066,0.0026200890541077104,0.3128260606316336,0.6883713045922759,False
bpi_2013_CZ,org:role,False,window,time:timestamp,numerical,0.01824308335781093,0.019851077068597008,0.0016079937107860778,8.8142649970275,0.6619572843866288,False
bpi_2013_CZ,org:role,False,random,Activity,categorical,0.6214099287986755,0.6326370954513549,-0.011227166652679421,-1.8067246969136859,0.4286434692930027,False
bpi_2013_CZ,org:role,False,random,org:resource,categorical,0.11510989218950267,0.10302198156714433,0.012087910622358339,10.501191854526544,0.2812966984304264,False
bpi_2013_CZ,org:role,False,random,impact,categorical,0.9446475327014923,0.9485639870166779,-0.0039164543151856135,-0.41459424596022415,0.6647134294342278,False
bpi_2013_CZ,org:role,False,random,concept:name,categorical,0.7485639750957489,0.7509138464927674,-0.002349871397018477,-0.31391724357532763,0.7640544724231757,False
bpi_2013_CZ,org:role,False,random,lifecycle:transition,categorical,0.6498694717884064,0.6459530293941498,0.003916442394256592,0.6026506189741072,0.5556783213978012,False
bpi_2013_CZ,org:role,False,random,org:group,categorical,0.8754569351673126,0.8493472695350647,0.026109665632247925,2.982404340341194,0.05294124409419336,False
bpi_2013_CZ,org:role,False,random,organization country,categorical,0.9159269034862518,0.8997389197349548,0.01618798375129704,1.7673881714448434,0.08960375192151511,False
bpi_2013_CZ,org:role,False,random,organization involved,categorical,0.317241370677948,0.25013262331485747,0.06710874736309053,21.15384485310931,0.00560020037317162,True
bpi_2013_CZ,org:role,False,random,product,categorical,0.3806788563728333,0.3046997457742691,0.07597911059856416,19.958847024629847,0.006132727922545979,True
bpi_2013_CZ,org:role,False,random,resource country,categorical,0.8148825287818908,0.8065274298191071,0.008355098962783747,1.0253133019397511,0.5533746311583352,False
bpi_2013_CZ,org:role,False,random,time:timestamp,numerical,0.021178662311285686,0.02198913497850295,0.0008104726672172637,3.826835969641855,0.8552398901399516,False
bpi_2013_CZ,org:role,False,attr_level,Activity,categorical,0.7535897672176362,0.7661538779735565,-0.012564110755920344,-1.6672347877425249,0.3452171465888306,False
bpi_2013_CZ,org:role,False,attr_level,org:resource,categorical,0.10427350476384159,0.09259259179234502,0.011680912971496565,11.202186977364452,0.4025978014192846,False
bpi_2013_CZ,org:role,False,attr_level,impact,categorical,0.913178312778473,0.9090439438819885,0.004134368896484442,0.4527449719984091,0.6085727680106121,False
bpi_2013_CZ,org:role,False,attr_level,concept:name,categorical,0.9005390644073487,0.895148229598999,0.005390834808349676,0.5986230938129734,0.5445781861949823,False
bpi_2013_CZ,org:role,False,attr_level,lifecycle:transition,categorical,0.8183510303497314,0.8178191184997559,0.0005319118499755859,0.06499800577611144,0.937822073141112,False
bpi_2013_CZ,org:role,False,attr_level,org:group,categorical,0.8744565427303315,0.8532608866691589,0.021195656061172574,2.423866141477196,0.15167171078967448,False
bpi_2013_CZ,org:role,False,attr_level,organization country,categorical,0.8906666517257691,0.8975999891757965,-0.006933337450027444,-0.7784435890344951,0.26107710678394946,False
bpi_2013_CZ,org:role,False,attr_level,organization involved,categorical,0.2729946538805962,0.22165775895118708,0.0513368949294091,18.805091674748727,0.0013651180209945414,True
bpi_2013_CZ,org:role,False,attr_level,product,categorical,0.359199994802475,0.2858666628599167,0.07333333194255831,20.415738586768214,0.003946432155323474,True
bpi_2013_CZ,org:role,False,attr_level,resource country,categorical,0.7726342737674713,0.7744245529174805,-0.0017902791500091775,-0.23171107091580723,0.7622862451116205,False
bpi_2013_CZ,org:role,False,attr_level,time:timestamp,numerical,0.020607974659651467,0.02459894120693203,0.003990966547280563,19.366127012444903,0.43201760165786507,False
bpi_2013_CZ,organization country,False,odd,Activity,categorical,0.665976345539093,0.6881656885147095,-0.022189342975616477,-3.331851517587265,0.07090787660994936,False
bpi_2013_CZ,organization country,False,odd,org:resource,categorical,0.16867469251155848,0.16325300633907314,0.0054216861724853405,3.2142854934292044,0.6483241470761719,False
bpi_2013_CZ,organization country,False,odd,impact,categorical,1.0,1.0,0.0,0.0,,False
bpi_2013_CZ,organization country,False,odd,concept:name,categorical,0.8455621540546417,0.8417159855365753,0.0038461685180664062,0.45486526325986204,0.6105599061723115,False
bpi_2013_CZ,organization country,False,odd,lifecycle:transition,categorical,0.6928994238376618,0.6976331472396851,-0.004733723402023271,-0.6831761203964181,0.5013759909321361,False
bpi_2013_CZ,organization country,False,odd,org:group,categorical,0.9390532612800598,0.9387574017047882,0.00029585957527167306,0.03150615491909111,0.9556103350645517,False
bpi_2013_CZ,organization country,False,odd,org:role,categorical,0.7632124185562134,0.7373056828975677,0.025906735658645652,3.394433191699635,0.04121134423963168,True
bpi_2013_CZ,organization country,False,odd,organization involved,categorical,0.398516321182251,0.3732937604188919,0.025222560763359103,6.3291161296814815,0.11281297492961999,False
bpi_2013_CZ,organization country,False,odd,product,categorical,0.4352071076631546,0.41183432638645173,0.023372781276702892,5.370496222408471,0.31470605799042894,False
bpi_2013_CZ,organization country,False,odd,resource country,categorical,0.8644970536231995,0.848816591501236,0.0156804621219635,1.8138248194421265,0.020644553534252062,True
bpi_2013_CZ,organization country,False,odd,time:timestamp,numerical,0.01793842576444144,0.014027423225343172,-0.00391100253909827,-21.802373243090702,0.1578982877711298,False
bpi_2013_CZ,organization country,False,even,Activity,categorical,0.6877404153347015,0.6990384936332703,-0.01129807829856877,-1.6427823705940492,0.25300380610277373,False
bpi_2013_CZ,organization country,False,even,org:resource,categorical,0.1619164571166038,0.16044225841760631,0.001474198698997481,0.9104687227289316,0.9085676913833667,False
bpi_2013_CZ,organization country,False,even,impact,categorical,1.0,1.0,0.0,0.0,,False
bpi_2013_CZ,organization country,False,even,concept:name,categorical,0.7451923310756683,0.7430288672447205,0.002163463830947787,0.29032287917199523,0.6861550280723783,False
bpi_2013_CZ,organization country,False,even,lifecycle:transition,categorical,0.704807710647583,0.700961571931839,0.0038461387157440186,0.5457004311445679,0.3746655904213585,False
bpi_2013_CZ,organization country,False,even,org:group,categorical,0.947836571931839,0.9466346561908722,0.0012019157409668413,0.12680622130006539,0.7422934189211619,False
bpi_2013_CZ,organization country,False,even,org:role,categorical,0.7629385948181152,0.7368421137332917,0.026096481084823542,3.4205218168370353,0.04973244510175412,True
bpi_2013_CZ,organization country,False,even,organization involved,categorical,0.41529126465320587,0.37281553745269774,0.04247572720050813,10.227936587103033,0.008519545120329578,True
bpi_2013_CZ,organization country,False,even,product,categorical,0.43557694256305696,0.4079327046871185,0.02764423787593845,6.346579714084956,0.26865348329641797,False
bpi_2013_CZ,organization country,False,even,resource country,categorical,0.8687500417232513,0.8649038732051849,0.0038461685180664062,0.4427244124716417,0.462387295186087,False
bpi_2013_CZ,organization country,False,even,time:timestamp,numerical,0.019702790956944195,0.015411950927227669,-0.004290840029716527,-21.777828527405816,0.15433404535043654,False
bpi_2013_CZ,organization country,False,window,Activity,categorical,0.6454148650169372,0.6816593945026398,-0.03624452948570256,-5.615694873211731,0.007619325809487793,True
bpi_2013_CZ,organization country,False,window,org:resource,categorical,0.15471264198422433,0.1471264377236366,0.007586204260587731,4.903415883338918,0.5568089717849773,False
bpi_2013_CZ,organization country,False,window,impact,categorical,1.0,0.9993449807167053,0.0006550192832946999,0.06550192832947,0.19342295716885813,False
bpi_2013_CZ,organization country,False,window,concept:name,categorical,0.7853711903095245,0.7737991392612458,0.011572051048278742,1.47344990382421,0.0956088216837739,False
bpi_2013_CZ,organization country,False,window,lifecycle:transition,categorical,0.6973799228668213,0.6853711843490601,0.012008738517761186,1.7219793865580637,0.4185786606853785,False
bpi_2013_CZ,organization country,False,window,org:group,categorical,0.9497806966304779,0.9495614111423493,0.0002192854881286621,0.023088012728266407,0.9605109542409941,False
bpi_2013_CZ,organization country,False,window,org:role,categorical,0.7318458259105682,0.70892493724823,0.022920888662338212,3.1319285908093915,0.09677191440523684,False
bpi_2013_CZ,organization country,False,window,organization involved,categorical,0.3856194674968719,0.3548672556877136,0.030752211809158325,7.974756048696577,0.02879822808591119,True
bpi_2013_CZ,organization country,False,window,product,categorical,0.42423581779003144,0.39803493916988375,0.026200878620147694,6.176017564154706,0.3184097802096247,False
bpi_2013_CZ,organization country,False,window,resource country,categorical,0.8375545978546143,0.8331877887248993,0.004366809129714988,0.5213760560685257,0.5351569112905366,False
bpi_2013_CZ,organization country,False,window,time:timestamp,numerical,0.01824308335781093,0.01354116871953007,-0.00470191463828086,-25.773683900137943,0.07289056623724534,False
bpi_2013_CZ,organization country,False,random,Activity,categorical,0.6214099287986755,0.6365535259246826,-0.015143597126007102,-2.4369737952663657,0.2800068650192323,False
bpi_2013_CZ,organization country,False,random,org:resource,categorical,0.11510989218950267,0.11620879396796222,-0.0010989017784595462,-0.9546545110566609,0.9091830813535366,False
bpi_2013_CZ,organization country,False,random,impact,categorical,0.9446475327014923,0.9503916561603546,-0.005744123458862327,-0.6080705511859379,0.4772484736544699,False
bpi_2013_CZ,organization country,False,random,concept:name,categorical,0.7485639750957489,0.7483028829097748,0.0002610921859741433,0.03487907442256315,0.9604823819869758,False
bpi_2013_CZ,organization country,False,random,lifecycle:transition,categorical,0.6498694717884064,0.6446475386619568,0.005221933126449585,0.8035356872633364,0.33993024353131485,False
bpi_2013_CZ,organization country,False,random,org:group,categorical,0.8754569351673126,0.8660574615001678,0.009399473667144775,1.0736648816824323,0.4346097006142312,False
bpi_2013_CZ,organization country,False,random,org:role,categorical,0.6752997756004333,0.6522781908512115,0.02302158474922178,3.409091129750852,0.05536574892829784,False
bpi_2013_CZ,organization country,False,random,organization involved,categorical,0.317241370677948,0.29363394230604173,0.02360742837190627,7.441472189285073,0.07637251618599052,False
bpi_2013_CZ,organization country,False,random,product,categorical,0.3806788563728333,0.35013055205345156,0.030548304319381714,8.02469162864748,0.17524622618318167,False
bpi_2013_CZ,organization country,False,random,resource country,categorical,0.8148825287818908,0.8067885279655457,0.008094000816345148,0.9932721012492791,0.5989073837720247,False
bpi_2013_CZ,organization country,False,random,time:timestamp,numerical,0.021178662311285686,0.016291846428066442,-0.0048868158832192435,-23.07424242094439,0.15918708173922452,False
bpi_2013_CZ,organization country,False,attr_level,Activity,categorical,0.7535897672176362,0.7664102792739869,-0.012820512056350708,-1.7012587768655507,0.30987531514488464,False
bpi_2013_CZ,organization country,False,attr_level,org:resource,categorical,0.10427350476384159,0.1076923072338104,-0.0034188024699688124,-3.278687599224471,0.7896315438114065,False
bpi_2013_CZ,organization country,False,attr_level,impact,categorical,0.913178312778473,0.9155038952827453,-0.0023255825042723943,-0.2546690467490937,0.7771536802001178,False
bpi_2013_CZ,organization country,False,attr_level,concept:name,categorical,0.9005390644073487,0.8967654705047607,0.003773593902587913,0.4190372246729066,0.7165351424122002,False
bpi_2013_CZ,organization country,False,attr_level,lifecycle:transition,categorical,0.8183510303497314,0.811968058347702,0.006382972002029419,0.7799797110662382,0.37270647163527215,False
bpi_2013_CZ,organization country,False,attr_level,org:group,categorical,0.8744565427303315,0.8608695864677429,0.013586956262588545,1.553760032507247,0.27137864778312254,False
bpi_2013_CZ,organization country,False,attr_level,org:role,categorical,0.5913669168949127,0.5776978492736816,0.013669067621231101,2.3114359682146586,0.3503386742565109,False
bpi_2013_CZ,organization country,False,attr_level,organization involved,categorical,0.2729946538805962,0.2545454606413841,0.01844919323921207,6.758078583942334,0.19083298190684214,False
bpi_2013_CZ,organization country,False,attr_level,product,categorical,0.359199994802475,0.33386666476726534,0.025333330035209656,7.052708909180391,0.26217079846346614,False
bpi_2013_CZ,organization country,False,attr_level,resource country,categorical,0.7726342737674713,0.7672634184360504,0.0053708553314208984,0.6951355270886272,0.5279839722346535,False
bpi_2013_CZ,organization country,False,attr_level,time:timestamp,numerical,0.020607974659651467,0.017262570466846174,-0.0033454041928052923,-16.23354185967284,0.24239384495184071,False
bpi_2013_CZ,organization involved,False,odd,Activity,categorical,0.665976345539093,0.6677514910697937,-0.0017751455307006836,-0.26654783500812523,0.9241502539099019,False
bpi_2013_CZ,organization involved,False,odd,org:resource,categorical,0.16867469251155848,0.15180722177028652,0.016867470741271956,10.000000883426011,0.23906814409939503,False
bpi_2013_CZ,organization involved,False,odd,impact,categorical,1.0,0.9943786978721618,0.005621302127838179,0.5621302127838179,0.343436396137909,False
bpi_2013_CZ,organization involved,False,odd,concept:name,categorical,0.8455621540546417,0.8286982417106629,0.016863912343978882,1.9944024532215647,0.10596780740402828,False
bpi_2013_CZ,organization involved,False,odd,lifecycle:transition,categorical,0.6928994238376618,0.6890532672405243,0.0038461565971374956,0.5550815118066262,0.6951907986874993,False
bpi_2013_CZ,organization involved,False,odd,org:group,categorical,0.9390532612800598,0.9396449863910675,-0.0005917251110076904,-0.06301294456941527,0.902479833886809,False
bpi_2013_CZ,organization involved,False,odd,org:role,categorical,0.7632124185562134,0.7455958485603332,0.017616569995880127,2.3082132270863465,0.12480150065372614,False
bpi_2013_CZ,organization involved,False,odd,organization country,categorical,0.976627242565155,0.9745562374591827,0.0020710051059722456,0.21205686424767944,0.41659105950721087,False
bpi_2013_CZ,organization involved,False,odd,product,categorical,0.4352071076631546,0.43047338128089907,0.004733726382255554,1.0876950993914845,0.8422832496923582,False
bpi_2013_CZ,organization involved,False,odd,resource country,categorical,0.8644970536231995,0.86213019490242,0.0023668587207794634,0.2737844751303322,0.734326621340097,False
bpi_2013_CZ,organization involved,False,odd,time:timestamp,numerical,0.01793842576444144,0.01670530876144762,-0.0012331170029938228,-6.8741650977990325,0.6701292538863164,False
bpi_2013_CZ,organization involved,False,even,Activity,categorical,0.6877404153347015,0.681250023841858,0.0064903914928435835,0.9437269277951209,0.5119841431094247,False
bpi_2013_CZ,organization involved,False,even,org:resource,categorical,0.1619164571166038,0.15282554924488062,0.009090907871723175,5.614566940021654,0.5348695950547567,False
bpi_2013_CZ,organization involved,False,even,impact,categorical,1.0,0.9927884638309479,0.007211536169052124,0.7211536169052124,0.34343639613791355,False
bpi_2013_CZ,organization involved,False,even,concept:name,categorical,0.7451923310756683,0.7427884817123414,0.0024038493633269375,0.3225810657306464,0.606073953034274,False
bpi_2013_CZ,organization involved,False,even,lifecycle:transition,categorical,0.704807710647583,0.6949519455432892,0.009855765104293757,1.3983622703614011,0.0486766912508395,True
bpi_2013_CZ,organization involved,False,even,org:group,categorical,0.947836571931839,0.9514423549175263,-0.003605782985687256,-0.3804224369965074,0.28529074360023193,False
bpi_2013_CZ,organization involved,False,even,org:role,categorical,0.7629385948181152,0.7539473712444306,0.008991223573684648,1.178498982061349,0.41647395310512514,False
bpi_2013_CZ,organization involved,False,even,organization country,categorical,0.9699519574642181,0.969711571931839,0.0002403855323791504,0.024783241121302473,0.9392125954844315,False
bpi_2013_CZ,organization involved,False,even,product,categorical,0.43557694256305696,0.4223557889461517,0.013221153616905235,3.0353198998799744,0.5903284903393615,False
bpi_2013_CZ,organization involved,False,even,resource country,categorical,0.8687500417232513,0.8711538791656495,-0.002403837442398138,-0.27670069950499104,0.7246473411335648,False
bpi_2013_CZ,organization involved,False,even,time:timestamp,numerical,0.019702790956944195,0.01836765864863987,-0.0013351323083043258,-6.776361334909064,0.6507993316402598,False
bpi_2013_CZ,organization involved,False,window,Activity,categorical,0.6454148650169372,0.6532751142978668,-0.007860249280929543,-1.2178599699161363,0.6084419181990826,False
bpi_2013_CZ,organization involved,False,window,org:resource,categorical,0.15471264198422433,0.14712643697857852,0.007586205005645802,4.9034163649143485,0.564171576672167,False
bpi_2013_CZ,organization involved,False,window,impact,categorical,1.0,0.9938864648342133,0.006113535165786721,0.6113535165786721,0.22286844877904152,False
bpi_2013_CZ,organization involved,False,window,concept:name,categorical,0.7853711903095245,0.7825327754020691,0.0028384149074554,0.36141062245188105,0.7208598969316677,False
bpi_2013_CZ,organization involved,False,window,lifecycle:transition,categorical,0.6973799228668213,0.6751091778278351,0.022270745038986184,3.1934881273086537,0.1574192422724334,False
bpi_2013_CZ,organization involved,False,window,org:group,categorical,0.9497806966304779,0.955921059846878,-0.006140363216400102,-0.6465032652468272,0.17060850004871336,False
bpi_2013_CZ,organization involved,False,window,org:role,categorical,0.7318458259105682,0.7354969382286072,-0.0036511123180389404,-0.49889091237163213,0.771442957669901,False
bpi_2013_CZ,organization involved,False,window,organization country,categorical,0.9635371446609498,0.9705240428447723,-0.006986898183822587,-0.725130133543647,0.12526287003625794,False
bpi_2013_CZ,organization involved,False,window,product,categorical,0.42423581779003144,0.4176855951547623,0.006550222635269165,1.54400509353293,0.7858686015583929,False
bpi_2013_CZ,organization involved,False,window,resource country,categorical,0.8375545978546143,0.8349345028400421,0.0026200950145721658,0.3128267722824884,0.6766972913809783,False
bpi_2013_CZ,organization involved,False,window,time:timestamp,numerical,0.01824308335781093,0.0156594898551702,-0.0025835935026407297,-14.162044057834896,0.32032978709260895,False
bpi_2013_CZ,organization involved,False,random,Activity,categorical,0.6214099287986755,0.6221932232379913,-0.0007832944393157959,-0.12605116252810433,0.9576780039595363,False
bpi_2013_CZ,organization involved,False,random,org:resource,categorical,0.11510989218950267,0.11703297123312946,-0.0019230790436267908,-1.6706462034217455,0.857511513288761,False
bpi_2013_CZ,organization involved,False,random,impact,categorical,0.9446475327014923,0.9438642382621765,0.0007832944393157959,0.08291922777543698,0.935643868833157,False
bpi_2013_CZ,organization involved,False,random,concept:name,categorical,0.7485639750957489,0.7459530234336853,0.0026109516620635986,0.34879472549151613,0.6026485763203033,False
bpi_2013_CZ,organization involved,False,random,lifecycle:transition,categorical,0.6498694717884064,0.6399478018283844,0.009921669960021973,1.526717347210981,0.1737464710185686,False
bpi_2013_CZ,organization involved,False,random,org:group,categorical,0.8754569351673126,0.8882506608963012,-0.012793725728988625,-1.461376935296487,0.21444636280705903,False
bpi_2013_CZ,organization involved,False,random,org:role,categorical,0.6752997756004333,0.6774580538272857,-0.002158278226852439,-0.3196029829764768,0.8480020271286322,False
bpi_2013_CZ,organization involved,False,random,organization country,categorical,0.9159269034862518,0.910182774066925,0.005744129419326782,0.6271384100044619,0.5304994920926429,False
bpi_2013_CZ,organization involved,False,random,product,categorical,0.3806788563728333,0.3657963514328003,0.014882504940032959,3.909464550207951,0.4869404289034669,False
bpi_2013_CZ,organization involved,False,random,resource country,categorical,0.8148825287818908,0.8031331777572632,0.011749351024627597,1.4418459851128302,0.449791351807294,False
bpi_2013_CZ,organization involved,False,random,time:timestamp,numerical,0.021178662311285686,0.01846670145168897,-0.002711960859596716,-12.805156528472368,0.3840523530936605,False
bpi_2013_CZ,organization involved,False,attr_level,Activity,categorical,0.7535897672176362,0.7587179780006409,-0.0051282107830047385,-0.68050430168908,0.6575249230767397,False
bpi_2013_CZ,organization involved,False,attr_level,org:resource,categorical,0.10427350476384159,0.09800569787621494,0.0062678068876266535,6.010929527900658,0.6481740414896696,False
bpi_2013_CZ,organization involved,False,attr_level,impact,categorical,0.913178312778473,0.9059431672096252,0.007235145568847745,0.7923037009972128,0.41902946196152857,False
bpi_2013_CZ,organization involved,False,attr_level,concept:name,categorical,0.9005390644073487,0.8900269329547882,0.01051213145256047,1.1673154300617241,0.3008971918945938,False
bpi_2013_CZ,organization involved,False,attr_level,lifecycle:transition,categorical,0.8183510303497314,0.8164893388748169,0.0018616914749145508,0.22749302021639004,0.8162158847761856,False
bpi_2013_CZ,organization involved,False,attr_level,org:group,categorical,0.8744565427303315,0.886956536769867,-0.0124999940395355,-1.4294585755521416,0.2220111802522686,False
bpi_2013_CZ,organization involved,False,attr_level,org:role,categorical,0.5913669168949127,0.5911271154880524,0.00023980140686030715,0.04055035883972529,0.9866700755968587,False
bpi_2013_CZ,organization involved,False,attr_level,organization country,categorical,0.8906666517257691,0.9007999897003174,-0.010133337974548295,-1.1377250910779906,0.07128688352026025,False
bpi_2013_CZ,organization involved,False,attr_level,product,categorical,0.359199994802475,0.3405333310365677,0.01866666376590731,5.196732749445656,0.39487443385341203,False
bpi_2013_CZ,organization involved,False,attr_level,resource country,categorical,0.7726342737674713,0.7618925869464874,0.010741686820983865,1.390267968388966,0.2772886564678564,False
bpi_2013_CZ,organization involved,False,attr_level,time:timestamp,numerical,0.020607974659651467,0.01950656566768879,-0.0011014089919626768,-5.34457660276114,0.7091741199144079,False
bpi_2013_CZ,product,False,odd,Activity,categorical,0.665976345539093,0.6893491268157959,-0.023372781276702836,-3.5095512675879035,0.053998379771819184,False
bpi_2013_CZ,product,False,odd,org:resource,categorical,0.16867469251155848,0.16114457249641417,0.007530120015144304,4.464285603857437,0.5917321999871221,False
bpi_2013_CZ,product,False,odd,impact,categorical,1.0,1.0,0.0,0.0,,False
bpi_2013_CZ,product,False,odd,concept:name,categorical,0.8455621540546417,0.8375739812850952,0.007988172769546553,0.944717396733244,0.36260641438182983,False
bpi_2013_CZ,product,False,odd,lifecycle:transition,categorical,0.6928994238376618,0.6994082927703857,-0.006508868932723955,-0.939367058017486,0.33293141920968017,False
bpi_2013_CZ,product,False,odd,org:group,categorical,0.9390532612800598,0.936982262134552,0.0020709991455077903,0.22054118023984404,0.7200493975231436,False
bpi_2013_CZ,product,False,odd,org:role,categorical,0.7632124185562134,0.7455958366394043,0.017616581916809038,2.3082147890275073,0.2414434062476061,False
bpi_2013_CZ,product,False,odd,organization country,categorical,0.976627242565155,0.9718935191631317,0.004733723402023271,0.4847011424328012,0.05365651147452717,False
bpi_2013_CZ,product,False,odd,organization involved,categorical,0.398516321182251,0.3706231415271759,0.027893179655075095,6.999256535422769,0.15741326760147617,False
bpi_2013_CZ,product,False,odd,resource country,categorical,0.8644970536231995,0.852662718296051,0.011834335327148504,1.3689272019551184,0.07442724233621117,False
bpi_2013_CZ,product,False,odd,time:timestamp,numerical,0.01793842576444144,0.015606021136045409,-0.002332404628396033,-13.00228157712399,0.4431023164034803,False
bpi_2013_CZ,product,False,even,Activity,categorical,0.6877404153347015,0.7007211804389953,-0.012980765104293801,-1.887451255569512,0.22078786823018273,False
bpi_2013_CZ,product,False,even,org:resource,categorical,0.1619164571166038,0.15184274837374684,0.010073708742856957,6.2215471621901886,0.4541991618748199,False
bpi_2013_CZ,product,False,even,impact,categorical,1.0,1.0,0.0,0.0,,False
bpi_2013_CZ,product,False,even,concept:name,categorical,0.7451923310756683,0.7406250298023224,0.004567301273345925,0.6129023451909561,0.3807249608237563,False
bpi_2013_CZ,product,False,even,lifecycle:transition,categorical,0.704807710647583,0.6997596442699432,0.0050480663776397705,0.7162331372625829,0.36334557055023287,False
bpi_2013_CZ,product,False,even,org:group,categorical,0.947836571931839,0.9461538791656494,0.0016826927661895974,0.17752984174898492,0.7387914433090623,False
bpi_2013_CZ,product,False,even,org:role,categorical,0.7629385948181152,0.7453947424888611,0.01754385232925415,2.2995103994491997,0.22432632905159916,False
bpi_2013_CZ,product,False,even,organization country,categorical,0.9699519574642181,0.9651442766189575,0.00480768084526062,0.49566174986950085,0.2938045218887196,False
bpi_2013_CZ,product,False,even,organization involved,categorical,0.41529126465320587,0.37912621796131135,0.03616504669189452,8.70835718687572,0.05958458538099176,False
bpi_2013_CZ,product,False,even,resource country,categorical,0.8687500417232513,0.8538461863994599,0.01490385532379146,1.715551609554826,0.018356113130601315,True
bpi_2013_CZ,product,False,even,time:timestamp,numerical,0.019702790956944195,0.01727727483958001,-0.002425516117364187,-12.310520487501394,0.43491437915050213,False
bpi_2013_CZ,product,False,window,Activity,categorical,0.6454148650169372,0.6803493618965148,-0.034934496879577615,-5.412719596822557,0.01013600026020502,True
bpi_2013_CZ,product,False,window,org:resource,categorical,0.15471264198422433,0.1427586212754249,0.011954020708799418,7.7265959364964765,0.3516441770750095,False
bpi_2013_CZ,product,False,window,impact,categorical,1.0,0.9975982546806336,0.002401745319366433,0.2401745319366433,0.15380999690170655,False
bpi_2013_CZ,product,False,window,concept:name,categorical,0.7853711903095245,0.7875545978546142,-0.0021834075450897217,-0.2780096306090899,0.754169778301531,False
bpi_2013_CZ,product,False,window,lifecycle:transition,categorical,0.6973799228668213,0.6895196557044982,0.00786026716232302,1.1271140600106,0.5655120164891627,False
bpi_2013_CZ,product,False,window,org:group,categorical,0.9497806966304779,0.9493421077728271,0.00043858885765080124,0.046177908143087774,0.9389974205455429,False
bpi_2013_CZ,product,False,window,org:role,categorical,0.7318458259105682,0.7326571762561798,-0.0008113503456115279,-0.11086356127016772,0.9597456199585948,False
bpi_2013_CZ,product,False,window,organization country,categorical,0.9635371446609498,0.9657205581665039,-0.002183413505554177,-0.22660397864811724,0.6841130790042504,False
bpi_2013_CZ,product,False,window,organization involved,categorical,0.3856194674968719,0.3610619455575943,0.024557521939277627,6.368330442102701,0.10542141347576958,False
bpi_2013_CZ,product,False,window,resource country,categorical,0.8375545978546143,0.8246724963188171,0.012882101535797164,1.5380611089467489,0.055610111974734346,False
bpi_2013_CZ,product,False,window,time:timestamp,numerical,0.01824308335781093,0.01565469512715931,-0.00258838823065162,-14.188326500977038,0.3449309269098457,False
bpi_2013_CZ,product,False,random,Activity,categorical,0.6214099287986755,0.6373368322849273,-0.01592690348625181,-2.5630268761624198,0.25409122642768966,False
bpi_2013_CZ,product,False,random,org:resource,categorical,0.11510989218950267,0.11318681761622426,0.0019230745732784077,1.6706423198733398,0.869271861156527,False
bpi_2013_CZ,product,False,random,impact,categorical,0.9446475327014923,0.9503916501998901,-0.0057441174983978716,-0.6080699202136176,0.48786571896111786,False
bpi_2013_CZ,product,False,random,concept:name,categorical,0.7485639750957489,0.7519582331180572,-0.003394258022308305,-0.4534359300251051,0.49030411300635734,False
bpi_2013_CZ,product,False,random,lifecycle:transition,categorical,0.6498694717884064,0.6509138584136963,-0.0010443866252899392,-0.16070713745267068,0.8698932653780987,False
bpi_2013_CZ,product,False,random,org:group,categorical,0.8754569351673126,0.8631853938102723,0.012271541357040339,1.4017298697502543,0.3589933981702971,False
bpi_2013_CZ,product,False,random,org:role,categorical,0.6752997756004333,0.6707434177398681,0.0045563578605651855,0.6747163297239309,0.700489660862988,False
bpi_2013_CZ,product,False,random,organization country,categorical,0.9159269034862518,0.9093994975090027,0.006527405977249101,0.7126557755214009,0.439415010112126,False
bpi_2013_CZ,product,False,random,organization involved,categorical,0.317241370677948,0.29310344606637956,0.02413792461156844,7.6086938345983866,0.08534200465329513,False
bpi_2013_CZ,product,False,random,resource country,categorical,0.8148825287818908,0.8135770380496978,0.0013054907321929932,0.16020600345235983,0.9104674091103739,False
bpi_2013_CZ,product,False,random,time:timestamp,numerical,0.021178662311285686,0.018521805573254783,-0.002656856738030903,-12.544969549918726,0.4206488676337601,False
bpi_2013_CZ,product,False,attr_level,Activity,categorical,0.7535897672176362,0.7771795153617859,-0.023589748144149714,-3.1303169403754674,0.04940375671566154,True
bpi_2013_CZ,product,False,attr_level,org:resource,categorical,0.10427350476384159,0.09886039867997165,0.00541310608386994,5.191257449463822,0.6795745763778129,False
bpi_2013_CZ,product,False,attr_level,impact,categorical,0.913178312778473,0.9087855458259583,0.004392766952514671,0.4810415327483043,0.6060955313102145,False
bpi_2013_CZ,product,False,attr_level,concept:name,categorical,0.9005390644073487,0.8978436470031739,0.0026954174041747825,0.29931154690648054,0.7570004353049073,False
bpi_2013_CZ,product,False,attr_level,lifecycle:transition,categorical,0.8183510303497314,0.8260637998580933,-0.007712769508361861,-0.9424769105582629,0.21822507935807348,False
bpi_2013_CZ,product,False,attr_level,org:group,categorical,0.8744565427303315,0.8633152425289154,0.011141300201416016,1.274082776787207,0.3393026539970061,False
bpi_2013_CZ,product,False,attr_level,org:role,categorical,0.5913669168949127,0.5899280667304992,0.0014388501644134744,0.24330920842992665,0.9158007851030412,False
bpi_2013_CZ,product,False,attr_level,organization country,categorical,0.8906666517257691,0.8935999929904938,-0.002933341264724665,-0.32934221339049563,0.6529929209186582,False
bpi_2013_CZ,product,False,attr_level,organization involved,categorical,0.2729946538805962,0.25641711950302126,0.01657753437757492,6.072475831276054,0.14168866414528739,False
bpi_2013_CZ,product,False,attr_level,resource country,categorical,0.7726342737674713,0.7524296641349792,0.020204609632492043,2.6150289106347278,0.018868953768698273,True
bpi_2013_CZ,product,False,attr_level,time:timestamp,numerical,0.020607974659651467,0.01930930446833367,-0.0012986701913177967,-6.301784686587734,0.664680140516275,False
bpi_2013_CZ,resource country,False,odd,Activity,categorical,0.665976345539093,0.6786982357501984,-0.012721890211105369,-1.9102615725498902,0.3538954500677658,False
bpi_2013_CZ,resource country,False,odd,org:resource,categorical,0.16867469251155848,0.13373493477702136,0.034939757734537114,20.714285714285715,0.0032965373749121174,True
bpi_2013_CZ,resource country,False,odd,impact,categorical,1.0,1.0,0.0,0.0,,False
bpi_2013_CZ,resource country,False,odd,concept:name,categorical,0.8455621540546417,0.8319526672363281,0.013609486818313643,1.6095193893261894,0.19360576465309523,False
bpi_2013_CZ,resource country,False,odd,lifecycle:transition,categorical,0.6928994238376618,0.6928994059562683,1.788139347702611e-08,2.580662194520097e-06,0.999998488870626,False
bpi_2013_CZ,resource country,False,odd,org:group,categorical,0.9390532612800598,0.9372781276702881,0.001775133609771773,0.18903439058951987,0.7576931695012776,False
bpi_2013_CZ,resource country,False,odd,org:role,categorical,0.7632124185562134,0.7383419454097748,0.024870473146438532,3.258656769957515,0.11572944607577414,False
bpi_2013_CZ,resource country,False,odd,organization country,categorical,0.976627242565155,0.9704142272472381,0.006213015317916848,0.6361705927430497,0.006008660539358297,True
bpi_2013_CZ,resource country,False,odd,organization involved,categorical,0.398516321182251,0.35608308017253876,0.04243324100971224,10.647805059483751,0.02520978125328152,True
bpi_2013_CZ,resource country,False,odd,product,categorical,0.4352071076631546,0.3943787008523941,0.0408284068107605,9.381374084166204,0.0692875112513978,False
bpi_2013_CZ,resource country,False,odd,time:timestamp,numerical,0.01793842576444144,0.02173181883990761,0.003793393075466167,21.146744565432517,0.3164034129348789,False
bpi_2013_CZ,resource country,False,even,Activity,categorical,0.6877404153347015,0.693750011920929,-0.006009596586227461,-0.8738175701514911,0.5524686646727841,False
bpi_2013_CZ,resource country,False,even,org:resource,categorical,0.1619164571166038,0.14103193581104273,0.020884521305561066,12.898331446642958,0.10334178226995268,False
bpi_2013_CZ,resource country,False,even,impact,categorical,1.0,1.0,0.0,0.0,,False
bpi_2013_CZ,resource country,False,even,concept:name,categorical,0.7451923310756683,0.7367788791656494,0.008413451910018854,1.129030930561809,0.13776384332692232,False
bpi_2013_CZ,resource country,False,even,lifecycle:transition,categorical,0.704807710647583,0.7019230961799622,0.002884614467620783,0.40927680330999444,0.4680664485668883,False
bpi_2013_CZ,resource country,False,even,org:group,categorical,0.947836571931839,0.9447115778923034,0.003124994039535589,0.32969755884881746,0.5725974051161271,False
bpi_2013_CZ,resource country,False,even,org:role,categorical,0.7629385948181152,0.7307017624378205,0.03223683238029473,4.225350847269695,0.046842464051515535,True
bpi_2013_CZ,resource country,False,even,organization country,categorical,0.9699519574642181,0.96129812002182,0.008653837442398116,0.8921923787877255,0.02630779108865955,True
bpi_2013_CZ,resource country,False,even,organization involved,categorical,0.41529126465320587,0.36334951817989347,0.0519417464733124,12.5073053286317,0.023362267713779358,True
bpi_2013_CZ,resource country,False,even,product,categorical,0.43557694256305696,0.38461540043354037,0.05096154212951659,11.699779568138887,0.03524277029405604,True
bpi_2013_CZ,resource country,False,even,time:timestamp,numerical,0.019702790956944195,0.02254418889060611,0.002841397933661914,14.421296657266069,0.45488912080256705,False
bpi_2013_CZ,resource country,False,window,Activity,categorical,0.6454148650169372,0.653493458032608,-0.00807859301567082,-1.2516899522385216,0.6072546287163556,False
bpi_2013_CZ,resource country,False,window,org:resource,categorical,0.15471264198422433,0.13402298688888545,0.020689655095338877,13.372957005962414,0.05296346870954241,False
bpi_2013_CZ,resource country,False,window,impact,categorical,1.0,0.999563318490982,0.00043668150901798874,0.043668150901798874,0.3434363961378672,False
bpi_2013_CZ,resource country,False,window,concept:name,categorical,0.7853711903095245,0.7764192223548889,0.008951967954635598,1.1398391060292798,0.30564313818171324,False
bpi_2013_CZ,resource country,False,window,lifecycle:transition,categorical,0.6973799228668213,0.6864628970623017,0.010917025804519587,1.5654344850711184,0.4227668176282061,False
bpi_2013_CZ,resource country,False,window,org:group,categorical,0.9497806966304779,0.9491228044033051,0.0006578922271728294,0.06926780355789745,0.9078897131662651,False
bpi_2013_CZ,resource country,False,window,org:role,categorical,0.7318458259105682,0.7190669238567352,0.01277890205383303,1.746119414964678,0.44754974896669586,False
bpi_2013_CZ,resource country,False,window,organization country,categorical,0.9635371446609498,0.9587336421012879,0.0048035025596618874,0.4985280107029136,0.31894611536807316,False
bpi_2013_CZ,resource country,False,window,organization involved,categorical,0.3856194674968719,0.3539822965860367,0.03163717091083523,8.20424630431602,0.046629376457614016,True
bpi_2013_CZ,resource country,False,window,product,categorical,0.42423581779003144,0.37707424759864805,0.047161570191383395,11.116828946000322,0.07382006457125116,False
bpi_2013_CZ,resource country,False,window,time:timestamp,numerical,0.01824308335781093,0.020895985979586792,0.002652902621775862,14.541964040524977,0.43604838659807243,False
bpi_2013_CZ,resource country,False,random,Activity,categorical,0.6214099287986755,0.6355091571807862,-0.01409922838211064,-2.2689094152981437,0.33430680587391803,False
bpi_2013_CZ,resource country,False,random,org:resource,categorical,0.11510989218950267,0.10412088185548778,0.010989010334014893,9.546538637985993,0.2842773168930066,False
bpi_2013_CZ,resource country,False,random,impact,categorical,0.9446475327014923,0.9535248160362244,-0.008877283334732144,-0.9397455693707251,0.27575854638291036,False
bpi_2013_CZ,resource country,False,random,concept:name,categorical,0.7485639750957489,0.7381201207637786,0.01044385433197026,1.3951852719915334,0.11553324169587721,False
bpi_2013_CZ,resource country,False,random,lifecycle:transition,categorical,0.6498694717884064,0.6375979244709015,0.012271547317504905,1.8883095529528808,0.14939296645905772,False
bpi_2013_CZ,resource country,False,random,org:group,categorical,0.8754569351673126,0.8574412584304809,0.018015676736831687,2.057859845885923,0.2038604974762486,False
bpi_2013_CZ,resource country,False,random,org:role,categorical,0.6752997756004333,0.6549160778522491,0.02038369774818416,3.0184665365926238,0.22621778199550335,False
bpi_2013_CZ,resource country,False,random,organization country,categorical,0.9159269034862518,0.9018276989459991,0.014099204540252708,1.5393373080960426,0.1134830023852545,False
bpi_2013_CZ,resource country,False,random,organization involved,categorical,0.317241370677948,0.2732095405459404,0.04403183013200762,13.879599006242834,0.005613370113443536,True
bpi_2013_CZ,resource country,False,random,product,categorical,0.3806788563728333,0.326892951130867,0.05378590524196625,14.128944736896246,0.01775299093734153,True
bpi_2013_CZ,resource country,False,random,time:timestamp,numerical,0.021178662311285686,0.02333754356950517,0.0021588812582194854,10.193662028734746,0.5873780387615672,False
bpi_2013_CZ,resource country,False,attr_level,Activity,categorical,0.7535897672176362,0.7517948985099793,0.0017948687076568826,0.23817583328974873,0.8851790098455339,False
bpi_2013_CZ,resource country,False,attr_level,org:resource,categorical,0.10427350476384159,0.0894586898386478,0.014814814925193792,14.20765031226902,0.19593527292992452,False
bpi_2013_CZ,resource country,False,attr_level,impact,categorical,0.913178312778473,0.9147287011146545,-0.0015503883361815962,-0.1697793644993958,0.8764512101829377,False
bpi_2013_CZ,resource country,False,attr_level,concept:name,categorical,0.9005390644073487,0.8897574007511139,0.010781663656234786,1.1972455257485446,0.23502778794067714,False
bpi_2013_CZ,resource country,False,attr_level,lifecycle:transition,categorical,0.8183510303497314,0.8095744371414184,0.008776593208313033,1.0724729221104856,0.19887300582517584,False
bpi_2013_CZ,resource country,False,attr_level,org:group,categorical,0.8744565427303315,0.838315224647522,0.036141318082809515,4.1330033359879526,0.005725755568023627,True
bpi_2013_CZ,resource country,False,attr_level,org:role,categorical,0.5913669168949127,0.5721822559833527,0.019184660911560014,3.244121435181531,0.25311052409693524,False
bpi_2013_CZ,resource country,False,attr_level,organization country,categorical,0.8906666517257691,0.8770666599273682,0.013599991798400879,1.526945212560651,0.05440804891753967,False
bpi_2013_CZ,resource country,False,attr_level,organization involved,categorical,0.2729946538805962,0.24625668823719024,0.026737965643405942,9.79431841002305,0.09413004655090405,False
bpi_2013_CZ,resource country,False,attr_level,product,categorical,0.359199994802475,0.29813333302736283,0.06106666177511216,17.000741274702097,0.011468636320617223,True
bpi_2013_CZ,resource country,False,attr_level,time:timestamp,numerical,0.020607974659651467,0.02598249940201635,0.005374524742364883,26.079829925682663,0.1311428141262177,False
bpi_2013_CZ,time:timestamp,False,odd,Activity,categorical,0.665976345539093,0.6642011880874634,0.0017751574516295943,0.26654962500096663,0.9338913609747432,False
bpi_2013_CZ,time:timestamp,False,odd,org:resource,categorical,0.16867469251155848,0.12740963399410243,0.041265058517456044,24.464285603857466,0.0056143073536968615,True
bpi_2013_CZ,time:timestamp,False,odd,impact,categorical,1.0,1.0,0.0,0.0,,False
bpi_2013_CZ,time:timestamp,False,odd,concept:name,categorical,0.8455621540546417,0.8156804859638214,0.02988166809082038,3.533941053006184,0.07666879388631222,False
bpi_2013_CZ,time:timestamp,False,odd,lifecycle:transition,categorical,0.6928994238376618,0.6825443923473358,0.010355031490326017,1.4944494300448543,0.41109079704540796,False
bpi_2013_CZ,time:timestamp,False,odd,org:group,categorical,0.9390532612800598,0.9355029702186585,0.003550291061401367,0.3780713201040192,0.5151526097594716,False
bpi_2013_CZ,time:timestamp,False,odd,org:role,categorical,0.7632124185562134,0.7347149968147277,0.028497421741485618,3.7338781509078234,0.1039931061530018,False
bpi_2013_CZ,time:timestamp,False,odd,organization country,categorical,0.976627242565155,0.967159777879715,0.009467464685440019,0.9694041157989103,0.0128351763685405,True
bpi_2013_CZ,time:timestamp,False,odd,organization involved,categorical,0.398516321182251,0.32789316922426226,0.07062315195798874,17.721520601333438,0.03776354459575244,True
bpi_2013_CZ,time:timestamp,False,odd,product,categorical,0.4352071076631546,0.3837278187274933,0.05147928893566134,11.828687544208428,0.10172724817806397,False
bpi_2013_CZ,time:timestamp,False,odd,resource country,categorical,0.8644970536231995,0.8494082927703858,0.015088760852813743,1.7453802519713786,0.021077748475448764,True
bpi_2013_CZ,time:timestamp,False,even,Activity,categorical,0.6877404153347015,0.6951923370361328,-0.007451921701431274,-1.0835369763466147,0.4924526087269526,False
bpi_2013_CZ,time:timestamp,False,even,org:resource,categorical,0.1619164571166038,0.12555282413959498,0.036363632977008814,22.458268680385974,0.013476494571672546,True
bpi_2013_CZ,time:timestamp,False,even,impact,categorical,1.0,0.9995192348957062,0.00048076510429384545,0.048076510429384545,0.3434363961378925,False
bpi_2013_CZ,time:timestamp,False,even,concept:name,categorical,0.7451923310756683,0.7367788791656494,0.008413451910018854,1.129030930561809,0.16365228517828015,False
bpi_2013_CZ,time:timestamp,False,even,lifecycle:transition,categorical,0.704807710647583,0.6983173310756683,0.006490379571914673,0.9208723846042008,0.20201648411117115,False
bpi_2013_CZ,time:timestamp,False,even,org:group,categorical,0.947836571931839,0.944711583852768,0.0031249880790710227,0.3296969299994206,0.573443164969571,False
bpi_2013_CZ,time:timestamp,False,even,org:role,categorical,0.7629385948181152,0.7315789520740509,0.03135964274406433,4.1103757179226825,0.05564575305117724,False
bpi_2013_CZ,time:timestamp,False,even,organization country,categorical,0.9699519574642181,0.9574519634246826,0.0124999940395355,1.2887230077059388,0.03554537485429399,True
bpi_2013_CZ,time:timestamp,False,even,organization involved,categorical,0.41529126465320587,0.33665048629045485,0.07864077836275102,18.936294850415642,0.02404653713303878,True
bpi_2013_CZ,time:timestamp,False,even,product,categorical,0.43557694256305696,0.37403847426176073,0.06153846830129622,14.1280362406666,0.04930877607116545,True
bpi_2013_CZ,time:timestamp,False,even,resource country,categorical,0.8687500417232513,0.8625000298023224,0.0062500119209288885,0.7194257980732149,0.29556791993415904,False
bpi_2013_CZ,time:timestamp,False,window,Activity,categorical,0.6454148650169372,0.6565502285957336,-0.011135363578796409,-1.7253032401886483,0.6021695221987238,False
bpi_2013_CZ,time:timestamp,False,window,org:resource,categorical,0.15471264198422433,0.11816091984510417,0.036551722139120155,23.625556173261682,0.01186506992782169,True
bpi_2013_CZ,time:timestamp,False,window,impact,categorical,1.0,0.9973799169063569,0.002620083093643144,0.2620083093643144,0.1611716889379745,False
bpi_2013_CZ,time:timestamp,False,window,concept:name,categorical,0.7853711903095245,0.759825336933136,0.025545853376388483,3.2527107807864133,0.05328788924681133,False
bpi_2013_CZ,time:timestamp,False,window,lifecycle:transition,categorical,0.6973799228668213,0.6768558979034424,0.020524024963378906,2.943019190889208,0.14349301253887328,False
bpi_2013_CZ,time:timestamp,False,window,org:group,categorical,0.9497806966304779,0.9471491277217865,0.0026315689086914285,0.27707121423160147,0.6603231135816312,False
bpi_2013_CZ,time:timestamp,False,window,org:role,categorical,0.7318458259105682,0.7093306124210358,0.02251521348953245,3.0764968101743078,0.2470314777685733,False
bpi_2013_CZ,time:timestamp,False,window,organization country,categorical,0.9635371446609498,0.951965081691742,0.011572062969207764,1.2009981175432267,0.061733622704081725,False
bpi_2013_CZ,time:timestamp,False,window,organization involved,categorical,0.3856194674968719,0.3146017611026764,0.07101770639419552,18.416525196506477,0.02786003384482213,True
bpi_2013_CZ,time:timestamp,False,window,product,categorical,0.42423581779003144,0.3659388706088066,0.058296947181224856,13.741637253759176,0.0706871889727987,False
bpi_2013_CZ,time:timestamp,False,window,resource country,categorical,0.8375545978546143,0.8294759869575501,0.008078610897064187,0.9645473761062799,0.22953678850962916,False
bpi_2013_CZ,time:timestamp,False,random,Activity,categorical,0.6214099287986755,0.6302872121334075,-0.008877283334732033,-1.4285712093293728,0.5620103956110362,False
bpi_2013_CZ,time:timestamp,False,random,org:resource,categorical,0.11510989218950267,0.10054945275187488,0.01456043943762779,12.649164342589502,0.27916968790748764,False
bpi_2013_CZ,time:timestamp,False,random,impact,categorical,0.9446475327014923,0.9394256055355072,0.005221927165985019,0.5527910660023014,0.5393668961267525,False
bpi_2013_CZ,time:timestamp,False,random,concept:name,categorical,0.7485639750957489,0.7362924456596375,0.012271529436111428,1.6393427742153601,0.06856834021993807,False
bpi_2013_CZ,time:timestamp,False,random,lifecycle:transition,categorical,0.6498694717884064,0.6396866977214813,0.010182774066925027,1.5668952780475396,0.1586428941542701,False
bpi_2013_CZ,time:timestamp,False,random,org:group,categorical,0.8754569351673126,0.8587467610836029,0.016710174083709672,1.908737416137564,0.2517547247839186,False
bpi_2013_CZ,time:timestamp,False,random,org:role,categorical,0.6752997756004333,0.6491606831550598,0.02613909244537349,3.8707390983703918,0.12372463382976177,False
bpi_2013_CZ,time:timestamp,False,random,organization country,categorical,0.9159269034862518,0.9091383993625641,0.0067885041236877,0.7411622147847081,0.4352486458169148,False
bpi_2013_CZ,time:timestamp,False,random,organization involved,categorical,0.317241370677948,0.2530503958463669,0.0641909748315811,20.234112182280747,0.0226100392044948,True
bpi_2013_CZ,time:timestamp,False,random,product,categorical,0.3806788563728333,0.32663185745477674,0.05404699891805653,14.197531071997183,0.06676356715837782,False
bpi_2013_CZ,time:timestamp,False,random,resource country,categorical,0.8148825287818908,0.8049608588218689,0.009921669960021973,1.2175583117303008,0.48455721517563777,False
bpi_2013_CZ,time:timestamp,False,attr_level,Activity,categorical,0.7535897672176362,0.7507692575454712,0.0028205096721649614,0.37427653543899575,0.8779332166391185,False
bpi_2013_CZ,time:timestamp,False,attr_level,org:resource,categorical,0.10427350476384159,0.08404558300971983,0.02022792175412176,19.398908476255706,0.16477032996082894,False
bpi_2013_CZ,time:timestamp,False,attr_level,impact,categorical,0.913178312778473,0.9069767594337463,0.006201553344726607,0.6791174579976075,0.49103215358567487,False
bpi_2013_CZ,time:timestamp,False,attr_level,concept:name,categorical,0.9005390644073487,0.8808625161647796,0.019676548242569036,2.184974424792812,0.06888679552661289,False
bpi_2013_CZ,time:timestamp,False,attr_level,lifecycle:transition,categorical,0.8183510303497314,0.7970744371414185,0.02127659320831299,2.5999347980560614,0.01702474955811899,True
bpi_2013_CZ,time:timestamp,False,attr_level,org:group,categorical,0.8744565427303315,0.8559782862663269,0.018478256464004583,2.1131131807087393,0.27157685698727096,False
bpi_2013_CZ,time:timestamp,False,attr_level,org:role,categorical,0.5913669168949127,0.5726618826389313,0.018705034255981468,3.163016685849776,0.2873076467902018,False
bpi_2013_CZ,time:timestamp,False,attr_level,organization country,categorical,0.8906666517257691,0.8853333115577697,0.005333340167999356,0.5988031726196772,0.41719584304551427,False
bpi_2013_CZ,time:timestamp,False,attr_level,organization involved,categorical,0.2729946538805962,0.23636363819241524,0.036631015688180946,13.418217231537,0.12770334853067425,False
bpi_2013_CZ,time:timestamp,False,attr_level,product,categorical,0.359199994802475,0.3,0.05919999480247501,16.481067833820333,0.017271744108269035,True
bpi_2013_CZ,time:timestamp,False,attr_level,resource country,categorical,0.7726342737674713,0.7542199432849884,0.018414330482482866,2.3833178397189205,0.01270292787515787,True
sp2020_CZ,Activity,True,odd,REPAIR_IN_TIME_5D,categorical,1.0,1.0,0.0,0.0,,False
sp2020_CZ,Activity,True,odd,DEVICETYPE,categorical,0.9979724884033203,0.996632981300354,0.0013395071029662642,0.1342228486788622,0.012118954055583253,True
sp2020_CZ,Activity,True,odd,org:resource,categorical,0.9998353719711304,0.9998353719711304,0.0,0.0,,False
sp2020_CZ,Activity,True,odd,time:timestamp,numerical,0.0159722119569778,0.016432717069983442,0.000460505113005643,2.8831642996351645,0.3925243345552928,False
sp2020_CZ,Activity,True,even,REPAIR_IN_TIME_5D,categorical,1.0,1.0,0.0,0.0,,False
sp2020_CZ,Activity,True,even,DEVICETYPE,categorical,0.997901463508606,0.9967014968395234,0.0011999666690826194,0.12024901385188426,0.027647273474783577,True
sp2020_CZ,Activity,True,even,org:resource,categorical,0.9998019933700562,0.9998019933700562,0.0,0.0,,False
sp2020_CZ,Activity,True,even,time:timestamp,numerical,0.01286777211353178,0.013419283367693371,0.0005515112541615904,4.285988664514969,0.34452138911194563,False
sp2020_CZ,Activity,True,window,REPAIR_IN_TIME_5D,categorical,1.0,1.0,0.0,0.0,,False
sp2020_CZ,Activity,True,window,DEVICETYPE,categorical,0.9973994672298432,0.9970036327838898,0.00039583444595336914,0.039686651031883104,0.33373923092413404,False
sp2020_CZ,Activity,True,window,org:resource,categorical,0.9996876358985901,0.9998264908790588,-0.0001388549804687278,-0.01388983673324269,0.0009414872410963015,True
sp2020_CZ,Activity,True,window,time:timestamp,numerical,0.01544670332223172,0.015734439343213995,0.0002877360209822752,1.8627665397583584,0.5875544410706315,False
sp2020_CZ,Activity,True,random,REPAIR_IN_TIME_5D,categorical,0.9829645276069641,0.9874985635280609,-0.004534035921096802,-0.4612613979199181,0.008683819730716337,True
sp2020_CZ,Activity,True,random,DEVICETYPE,categorical,0.9358845591545105,0.9468005001544952,-0.010915940999984719,-1.1663768670194017,4.735855846901226e-05,True
sp2020_CZ,Activity,True,random,org:resource,categorical,0.9690645098686218,0.9577558755874633,0.01130863428115847,1.1669640324245911,9.28788196845715e-09,True
sp2020_CZ,Activity,True,random,time:timestamp,numerical,0.01632992103695865,0.01641263589262958,8.271485567093104e-05,0.5065233045752449,0.8730920990303104,False
sp2020_CZ,Activity,True,attr_level,REPAIR_IN_TIME_5D,categorical,0.9870235025882721,0.9885242938995361,-0.0015007913112640159,-0.1520522365808403,0.26974054829788213,False
sp2020_CZ,Activity,True,attr_level,DEVICETYPE,categorical,0.9390388309955597,0.9478755354881286,-0.008836704492568903,-0.9410371755553831,1.126869421208297e-05,True
sp2020_CZ,Activity,True,attr_level,org:resource,categorical,0.9587215423583985,0.9610664308071136,-0.0023448884487151656,-0.24458493369689788,0.10145628957649185,False
sp2020_CZ,Activity,True,attr_level,time:timestamp,numerical,0.02019955553114409,0.02034637667238707,0.0001468211412429775,0.7268533261368332,0.779676584766154,False
sp2020_CZ,DEVICETYPE,False,odd,Activity,categorical,0.8089016079902649,0.8187408864498138,-0.009839278459548906,-1.216375188571429,0.0007137617539350822,True
sp2020_CZ,DEVICETYPE,False,odd,REPAIR_IN_TIME_5D,categorical,1.0,1.0,0.0,0.0,,False
sp2020_CZ,DEVICETYPE,False,odd,org:resource,categorical,0.9998353719711304,0.9998353719711304,0.0,0.0,,False
sp2020_CZ,DEVICETYPE,False,odd,time:timestamp,numerical,0.0159722119569778,0.01517864493653174,-0.0007935670204460583,-4.968422799444329,0.16603340126265873,False
sp2020_CZ,DEVICETYPE,False,even,Activity,categorical,0.8491121649742126,0.8602723002433776,-0.011160135269165039,-1.3143299235977817,0.002651593763019268,True
sp2020_CZ,DEVICETYPE,False,even,REPAIR_IN_TIME_5D,categorical,1.0,1.0,0.0,0.0,,False
sp2020_CZ,DEVICETYPE,False,even,org:resource,categorical,0.9998019933700562,0.9998019933700562,0.0,0.0,,False
sp2020_CZ,DEVICETYPE,False,even,time:timestamp,numerical,0.01286777211353178,0.01180531922727819,-0.0010624528862535915,-8.25669647301504,0.08815885672195727,False
sp2020_CZ,DEVICETYPE,False,window,Activity,categorical,0.7387830555438996,0.7466031789779664,-0.007820123434066795,-1.0585141842904804,0.006155966839899469,True
sp2020_CZ,DEVICETYPE,False,window,REPAIR_IN_TIME_5D,categorical,1.0,1.0,0.0,0.0,,False
sp2020_CZ,DEVICETYPE,False,window,org:resource,categorical,0.9996876358985901,0.9997440457344056,-5.640983581545189e-05,-0.0056427461728829655,0.13189225367166327,False
sp2020_CZ,DEVICETYPE,False,window,time:timestamp,numerical,0.01544670332223172,0.01468309713527556,-0.0007636061869561589,-4.943489695028558,0.17957568490269932,False
sp2020_CZ,DEVICETYPE,False,random,Activity,categorical,0.6451579689979553,0.6524637818336487,-0.007305812835693426,-1.1324068192229957,0.007034429745981019,True
sp2020_CZ,DEVICETYPE,False,random,REPAIR_IN_TIME_5D,categorical,0.9829645276069641,0.9840538322925567,-0.0010893046855926514,-0.1108183108341227,0.57474139314683,False
sp2020_CZ,DEVICETYPE,False,random,org:resource,categorical,0.9690645098686218,0.9692355334758759,-0.00017102360725407273,-0.017648320159538065,0.860873957594752,False
sp2020_CZ,DEVICETYPE,False,random,time:timestamp,numerical,0.01632992103695865,0.015443898923695049,-0.0008860221132636001,-5.425758711620913,0.11480058952781357,False
sp2020_CZ,DEVICETYPE,False,attr_level,Activity,categorical,0.6461701571941376,0.6557133257389068,-0.00954316854476922,-1.476881660120066,0.00039552697653014494,True
sp2020_CZ,DEVICETYPE,False,attr_level,REPAIR_IN_TIME_5D,categorical,0.9870235025882721,0.9866982340812683,0.000325268507003762,0.03295448448297434,0.8490886876210273,False
sp2020_CZ,DEVICETYPE,False,attr_level,org:resource,categorical,0.9587215423583985,0.9602621674537659,-0.0015406250953674538,-0.16069578363469406,0.2820216557513105,False
sp2020_CZ,DEVICETYPE,False,attr_level,time:timestamp,numerical,0.02019955553114409,0.01926238592714066,-0.0009371696040034322,-4.639555571202964,0.1031057563258565,False
sp2020_CZ,REPAIR_IN_TIME_5D,False,odd,Activity,categorical,0.8089016079902649,0.8101863265037537,-0.0012847185134887695,-0.15882259360080678,0.6351028663291997,False
sp2020_CZ,REPAIR_IN_TIME_5D,False,odd,DEVICETYPE,categorical,0.9979724884033203,0.9982951879501345,-0.0003226995468141869,-0.03233551531370183,0.07539942316252495,False
sp2020_CZ,REPAIR_IN_TIME_5D,False,odd,org:resource,categorical,0.9998353719711304,0.9998353719711304,0.0,0.0,,False
sp2020_CZ,REPAIR_IN_TIME_5D,False,odd,time:timestamp,numerical,0.0159722119569778,0.015383438672870339,-0.0005887732841074605,-3.6862351044010686,0.2849555548120219,False
sp2020_CZ,REPAIR_IN_TIME_5D,False,even,Activity,categorical,0.8491121649742126,0.8533900380134583,-0.00427787303924565,-0.5038054117827376,0.21141006815330055,False
sp2020_CZ,REPAIR_IN_TIME_5D,False,even,DEVICETYPE,categorical,0.997901463508606,0.9982781410217283,-0.00037667751312231434,-0.03774696469508343,0.060253669947641225,False
sp2020_CZ,REPAIR_IN_TIME_5D,False,even,org:resource,categorical,0.9998019933700562,0.9998019933700562,0.0,0.0,,False
sp2020_CZ,REPAIR_IN_TIME_5D,False,even,time:timestamp,numerical,0.01286777211353178,0.01207329779863352,-0.0007944743148982601,-6.174140386452671,0.1909822086023398,False
sp2020_CZ,REPAIR_IN_TIME_5D,False,window,Activity,categorical,0.7387830555438996,0.7406241595745087,-0.0018411040306091087,-0.24920766885397355,0.4382356835569191,False
sp2020_CZ,REPAIR_IN_TIME_5D,False,window,DEVICETYPE,categorical,0.9973994672298432,0.9979610025882721,-0.0005615353584289551,-0.05629994569663766,0.007820258224942962,True
sp2020_CZ,REPAIR_IN_TIME_5D,False,window,org:resource,categorical,0.9996876358985901,0.9997223496437073,-3.4713745117209704e-05,-0.003472459183313449,0.35604413865329143,False
sp2020_CZ,REPAIR_IN_TIME_5D,False,window,time:timestamp,numerical,0.01544670332223172,0.01481909276917572,-0.0006276105530559992,-4.063071193661813,0.25561521132218545,False
sp2020_CZ,REPAIR_IN_TIME_5D,False,random,Activity,categorical,0.6451579689979553,0.6497091352939606,-0.004551166296005271,-0.7054344074946542,0.13484713607189908,False
sp2020_CZ,REPAIR_IN_TIME_5D,False,random,DEVICETYPE,categorical,0.9358845591545105,0.9395003974437713,-0.00361583828926082,-0.3863551603551844,0.08521110767325515,False
sp2020_CZ,REPAIR_IN_TIME_5D,False,random,org:resource,categorical,0.9690645098686218,0.9690385937690735,2.591609954827323e-05,0.002674342036505571,0.9806634587030909,False
sp2020_CZ,REPAIR_IN_TIME_5D,False,random,time:timestamp,numerical,0.01632992103695865,0.0156668242067098,-0.0006630968302488473,-4.060624841651685,0.22429226228096047,False
sp2020_CZ,REPAIR_IN_TIME_5D,False,attr_level,Activity,categorical,0.6461701571941376,0.6509904146194458,-0.0048202574253082275,-0.745973389770771,0.05012883967484558,False
sp2020_CZ,REPAIR_IN_TIME_5D,False,attr_level,DEVICETYPE,categorical,0.9390388309955597,0.942650443315506,-0.0036116123199462224,-0.3846073453764661,0.02243816431892494,True
sp2020_CZ,REPAIR_IN_TIME_5D,False,attr_level,org:resource,categorical,0.9587215423583985,0.9590296745300293,-0.00030813217163083717,-0.03213990277853256,0.8064465060724755,False
sp2020_CZ,REPAIR_IN_TIME_5D,False,attr_level,time:timestamp,numerical,0.02019955553114409,0.01944520063698285,-0.0007543548941612403,-3.734512341116419,0.17665842560843528,False
sp2020_CZ,org:resource,False,odd,Activity,categorical,0.8089016079902649,0.7662506103515625,0.04265099763870239,5.27270526073867,6.303930836721124e-09,True
sp2020_CZ,org:resource,False,odd,REPAIR_IN_TIME_5D,categorical,1.0,1.0,0.0,0.0,,False
sp2020_CZ,org:resource,False,odd,DEVICETYPE,categorical,0.9979724884033203,0.9980881690979004,-0.00011568069458012253,-0.011591571503659664,0.5917116593869163,False
sp2020_CZ,org:resource,False,odd,time:timestamp,numerical,0.0159722119569778,0.015196987986564589,-0.0007752239704132101,-4.8535792819512205,0.18126500949902746,False
sp2020_CZ,org:resource,False,even,Activity,categorical,0.8491121649742126,0.832684051990509,0.016428112983703613,1.9347400333385323,0.00017384709169984192,True
sp2020_CZ,org:resource,False,even,REPAIR_IN_TIME_5D,categorical,1.0,1.0,0.0,0.0,,False
sp2020_CZ,org:resource,False,even,DEVICETYPE,categorical,0.997901463508606,0.9980575144290924,-0.000156050920486428,-0.015637908770847513,0.5048977698981143,False
sp2020_CZ,org:resource,False,even,time:timestamp,numerical,0.01286777211353178,0.011867231782525729,-0.0010005403310060518,-7.77555214825324,0.109030502985893,False
sp2020_CZ,org:resource,False,window,Activity,categorical,0.7387830555438996,0.6925711274147034,0.04621192812919617,6.255141855571455,1.0097245712564418e-10,True
sp2020_CZ,org:resource,False,window,REPAIR_IN_TIME_5D,categorical,1.0,1.0,0.0,0.0,,False
sp2020_CZ,org:resource,False,window,DEVICETYPE,categorical,0.9973994672298432,0.9978643417358398,-0.0004648745059966375,-0.04660865794201499,0.02723608576272859,True
sp2020_CZ,org:resource,False,window,time:timestamp,numerical,0.01544670332223172,0.01466504158452149,-0.0007816617377102292,-5.060379042725705,0.17273627550596338,False
sp2020_CZ,org:resource,False,random,Activity,categorical,0.6451579689979553,0.6153359234333038,0.02982204556465151,4.622440859092299,1.941246764649403e-09,True
sp2020_CZ,org:resource,False,random,REPAIR_IN_TIME_5D,categorical,0.9829645276069641,0.9876126348972321,-0.004648107290267989,-0.47286622860988153,0.007049138023237268,True
sp2020_CZ,org:resource,False,random,DEVICETYPE,categorical,0.9358845591545105,0.9405668914318085,-0.004682332277297974,-0.5003108803855092,0.024466079790306773,True
sp2020_CZ,org:resource,False,random,time:timestamp,numerical,0.01632992103695865,0.01550831133499737,-0.0008216097019612782,-5.031314604043537,0.1447391356997853,False
sp2020_CZ,org:resource,False,attr_level,Activity,categorical,0.6461701571941376,0.616647607088089,0.02952255010604865,4.568850755077318,1.3115873106648488e-08,True
sp2020_CZ,org:resource,False,attr_level,REPAIR_IN_TIME_5D,categorical,0.9870235025882721,0.9888495743274689,-0.0018260717391967995,-0.18500792882928227,0.12420011342572322,False
sp2020_CZ,org:resource,False,attr_level,DEVICETYPE,categorical,0.9390388309955597,0.9419499516487122,-0.002911120653152466,-0.3100106786921819,0.05278510418740355,False
sp2020_CZ,org:resource,False,attr_level,time:timestamp,numerical,0.02019955553114409,0.01928805336356158,-0.0009115021675825119,-4.512486258309689,0.11510615485102194,False
sp2020_CZ,time:timestamp,False,odd,Activity,categorical,0.8089016079902649,0.8118485271930694,-0.0029469192028045432,-0.36431120592357746,0.246370700385377,False
sp2020_CZ,time:timestamp,False,odd,REPAIR_IN_TIME_5D,categorical,1.0,1.0,0.0,0.0,,False
sp2020_CZ,time:timestamp,False,odd,DEVICETYPE,categorical,0.9979724884033203,0.9982525706291199,-0.00028008222579956055,-0.028065124946246835,0.12002458902694635,False
sp2020_CZ,time:timestamp,False,odd,org:resource,categorical,0.9998353719711304,0.9998353719711304,0.0,0.0,,False
sp2020_CZ,time:timestamp,False,even,Activity,categorical,0.8491121649742126,0.852997225522995,-0.0038850605487823486,-0.45754385687082194,0.3292515853024137,False
sp2020_CZ,time:timestamp,False,even,REPAIR_IN_TIME_5D,categorical,1.0,1.0,0.0,0.0,,False
sp2020_CZ,time:timestamp,False,even,DEVICETYPE,categorical,0.997901463508606,0.9982350885868072,-0.00033362507820122733,-0.03343266749286115,0.0920182352831016,False
sp2020_CZ,time:timestamp,False,even,org:resource,categorical,0.9998019933700562,0.9998019933700562,0.0,0.0,,False
sp2020_CZ,time:timestamp,False,window,Activity,categorical,0.7387830555438996,0.7422443449497222,-0.0034612894058226873,-0.4685122892097804,0.17079134945652238,False
sp2020_CZ,time:timestamp,False,window,REPAIR_IN_TIME_5D,categorical,1.0,1.0,0.0,0.0,,False
sp2020_CZ,time:timestamp,False,window,DEVICETYPE,categorical,0.9973994672298432,0.9980070292949677,-0.0006075620651244673,-0.06091461697005892,0.004893866511089008,True
sp2020_CZ,time:timestamp,False,window,org:resource,categorical,0.9996876358985901,0.9997527241706848,-6.508827209472656e-05,-0.006510860968708552,0.0641533134992103,False
sp2020_CZ,time:timestamp,False,random,Activity,categorical,0.6451579689979553,0.6460932910442352,-0.000935322046279885,-0.1449756635158062,0.7278708699219849,False
sp2020_CZ,time:timestamp,False,random,REPAIR_IN_TIME_5D,categorical,0.9829645276069641,0.9855708837509155,-0.0026063561439514382,-0.26515261443834964,0.172958249554841,False
sp2020_CZ,time:timestamp,False,random,DEVICETYPE,categorical,0.9358845591545105,0.9413767576217651,-0.005492198467254572,-0.5868457186873871,0.030274373005679183,True
sp2020_CZ,time:timestamp,False,random,org:resource,categorical,0.9690645098686218,0.969121515750885,-5.70058822632058e-05,-0.005882568361824974,0.9534971520266379,False
sp2020_CZ,time:timestamp,False,attr_level,Activity,categorical,0.6461701571941376,0.6490096390247345,-0.0028394818305969016,-0.43943252392323,0.20932866645625053,False
sp2020_CZ,time:timestamp,False,attr_level,REPAIR_IN_TIME_5D,categorical,0.9870235025882721,0.9874058425426483,-0.0003823399543761985,-0.03873666162696109,0.7997830934444181,False
sp2020_CZ,time:timestamp,False,attr_level,DEVICETYPE,categorical,0.9390388309955597,0.943172961473465,-0.004134130477905229,-0.440251280505862,0.018763013893532115,True
sp2020_CZ,time:timestamp,False,attr_level,org:resource,categorical,0.9587215423583985,0.9595675766468048,-0.0008460342884063499,-0.08824609138594669,0.5920629081997144,False
BPI20_RequestForPayment_CZ,Activity,True,odd,org:resource,categorical,0.9993954300880432,0.9993954300880432,0.0,0.0,,False
BPI20_RequestForPayment_CZ,Activity,True,odd,org:role,categorical,0.9865780174732208,0.988059276342392,-0.0014812588691711648,-0.1501410778404427,0.7167698734827884,False
BPI20_RequestForPayment_CZ,Activity,True,odd,case:Project,categorical,0.93328298330307,0.8999395728111267,0.03334341049194334,3.572701001569162,0.010445283902227891,True
BPI20_RequestForPayment_CZ,Activity,True,odd,case:Task,categorical,0.7522067785263061,0.75,0.00220677852630613,0.29337392181303706,0.013695901809215996,True
BPI20_RequestForPayment_CZ,Activity,True,odd,case:OrganizationalEntity,categorical,0.9422612190246582,0.9350363194942475,0.007224899530410722,0.7667618474088609,0.32823071360485145,False
BPI20_RequestForPayment_CZ,Activity,True,odd,case:Activity,categorical,1.0,1.0,0.0,0.0,,False
BPI20_RequestForPayment_CZ,Activity,True,odd,case:RfpNumber,categorical,0.03174123540520659,0.03174123540520659,0.0,0.0,1.0,False
BPI20_RequestForPayment_CZ,Activity,True,odd,time:timestamp,numerical,0.00711179068312043,0.008446121029555739,0.0013343303464353092,18.762227487969977,0.00276753784329313,True
BPI20_RequestForPayment_CZ,Activity,True,odd,case:RequestedAmount,numerical,0.06287004947662349,0.09927105791866776,0.036401008442044275,57.898806737187314,0.14021801838537876,False
BPI20_RequestForPayment_CZ,Activity,True,even,org:resource,categorical,0.9997835457324982,0.9995189905166626,0.0002645552158355713,0.026461249233877233,0.006744776739224721,True
BPI20_RequestForPayment_CZ,Activity,True,even,org:role,categorical,0.992304015159607,0.9858586013317108,0.006445413827896207,0.6495402345882371,0.005957753220176607,True
BPI20_RequestForPayment_CZ,Activity,True,even,case:Project,categorical,0.9364117503166198,0.906734025478363,0.029677724838256814,3.1693029084932105,0.015299708035244941,True
BPI20_RequestForPayment_CZ,Activity,True,even,case:Task,categorical,0.7556036651134491,0.7539682388305664,0.0016354262828827126,0.2164396969457743,0.00784961156302377,True
BPI20_RequestForPayment_CZ,Activity,True,even,case:OrganizationalEntity,categorical,0.9463684737682343,0.940043306350708,0.006325167417526312,0.6683620167883303,0.3424184057655757,False
BPI20_RequestForPayment_CZ,Activity,True,even,case:Activity,categorical,1.0,1.0,0.0,0.0,,False
BPI20_RequestForPayment_CZ,Activity,True,even,case:RfpNumber,categorical,0.0447330437600612,0.0447330437600612,0.0,0.0,,False
BPI20_RequestForPayment_CZ,Activity,True,even,time:timestamp,numerical,0.00679513895884151,0.0073342093266546195,0.0005390703678131098,7.933176511595796,0.13532701975447065,False
BPI20_RequestForPayment_CZ,Activity,True,even,case:RequestedAmount,numerical,0.07635019235312934,0.11014875508844849,0.03379856273531914,44.26781609009771,0.05049456930419003,False
BPI20_RequestForPayment_CZ,Activity,True,window,org:resource,categorical,0.9983198583126068,0.9377286195755005,0.06059123873710637,6.069321193261614,0.011993432375154468,True
BPI20_RequestForPayment_CZ,Activity,True,window,org:role,categorical,0.990854948759079,0.9887281894683838,0.0021267592906951682,0.21463881200357998,0.2781512710655158,False
BPI20_RequestForPayment_CZ,Activity,True,window,case:Project,categorical,0.9261803388595581,0.9032539248466491,0.022926414012908958,2.475372565254316,0.05727550383627694,False
BPI20_RequestForPayment_CZ,Activity,True,window,case:Task,categorical,0.7538919448852539,0.7526584267616272,0.001233518123626709,0.16362001636911727,0.017090521052707443,True
BPI20_RequestForPayment_CZ,Activity,True,window,case:OrganizationalEntity,categorical,0.9376860857009888,0.9368991851806641,0.000786900520324707,0.08391939822125455,0.9105763323836948,False
BPI20_RequestForPayment_CZ,Activity,True,window,case:Activity,categorical,1.0,1.0,0.0,0.0,,False
BPI20_RequestForPayment_CZ,Activity,True,window,case:RfpNumber,categorical,0.0399829857051372,0.0399829857051372,0.0,0.0,,False
BPI20_RequestForPayment_CZ,Activity,True,window,time:timestamp,numerical,0.00746951578184957,0.008626982476562241,0.0011574666947126713,15.495873206737697,0.024564658505283214,True
BPI20_RequestForPayment_CZ,Activity,True,window,case:RequestedAmount,numerical,0.10737459398806089,0.11006336882710452,0.002688774839043631,2.5041071068847063,0.8304218408754498,False
BPI20_RequestForPayment_CZ,Activity,True,random,org:resource,categorical,0.9177705645561218,0.9022347390651703,0.01553582549095156,1.6927787936264262,0.07153387493740955,False
BPI20_RequestForPayment_CZ,Activity,True,random,org:role,categorical,0.8790791094303131,0.9050618886947632,-0.02598277926445014,-2.9556815746978984,0.0002723591883893342,True
BPI20_RequestForPayment_CZ,Activity,True,random,case:Project,categorical,0.8345180034637452,0.8340872049331665,0.0004307985305787021,0.05162243699843891,0.9704332954242729,False
BPI20_RequestForPayment_CZ,Activity,True,random,case:Task,categorical,0.7539746403694153,0.752896785736084,0.001077854633331321,0.14295635099918194,0.005588060041979894,True
BPI20_RequestForPayment_CZ,Activity,True,random,case:OrganizationalEntity,categorical,0.8479267179965972,0.8566504776477813,-0.008723759651184104,-1.0288341511157704,0.33503853723860566,False
BPI20_RequestForPayment_CZ,Activity,True,random,case:Activity,categorical,0.9780828773975372,0.976090407371521,0.001992470026016213,0.2037117786294078,0.7277915083166955,False
BPI20_RequestForPayment_CZ,Activity,True,random,case:RfpNumber,categorical,0.0413269586861133,0.0413269586861133,0.0,0.0,,False
BPI20_RequestForPayment_CZ,Activity,True,random,time:timestamp,numerical,0.00760336732491846,0.007757373247295571,0.00015400592237711092,2.0254962807385146,0.449338060905076,False
BPI20_RequestForPayment_CZ,Activity,True,random,case:RequestedAmount,numerical,0.2671826109290123,0.2972580552101135,0.030075444281101205,11.256512606313269,0.04653306064461318,True
BPI20_RequestForPayment_CZ,Activity,True,attr_level,org:resource,categorical,0.991328877210617,0.8993825674057007,0.09194630980491636,9.275056131082673,6.236453678121448e-13,True
BPI20_RequestForPayment_CZ,Activity,True,attr_level,org:role,categorical,0.9674443662166595,0.9052757620811462,0.06216860413551328,6.4260650334481975,2.317121122849486e-13,True
BPI20_RequestForPayment_CZ,Activity,True,attr_level,case:Project,categorical,0.8119194805622101,0.811838936805725,8.054375648502976e-05,0.00992016553528899,0.9944895955207649,False
BPI20_RequestForPayment_CZ,Activity,True,attr_level,case:Task,categorical,0.7585068643093109,0.7584527730941772,5.409121513366699e-05,0.00713127562568889,0.9295643454766801,False
BPI20_RequestForPayment_CZ,Activity,True,attr_level,case:OrganizationalEntity,categorical,0.8329946637153626,0.8615508258342743,-0.028556162118911765,-3.4281326595231962,0.021328219886285357,True
BPI20_RequestForPayment_CZ,Activity,True,attr_level,case:Activity,categorical,0.9702151238918304,0.9733733057975769,-0.00315818190574646,-0.3255135719878313,0.49841380916764577,False
BPI20_RequestForPayment_CZ,Activity,True,attr_level,case:RfpNumber,categorical,0.03798710219562049,0.03868797048926349,-0.0007008682936430061,-1.8450164743648407,0.12491490779954023,False
BPI20_RequestForPayment_CZ,Activity,True,attr_level,time:timestamp,numerical,0.007621584367006979,0.00787806450389321,0.0002564801368862314,3.365181365655498,0.5489008949415071,False
BPI20_RequestForPayment_CZ,Activity,True,attr_level,case:RequestedAmount,numerical,0.2948265507817268,0.31987146735191346,0.02504491657018665,8.494796857264227,0.11746489785141877,False
BPI20_RequestForPayment_CZ,case:Activity,False,odd,org:resource,categorical,0.9993954300880432,0.9992745101451874,0.00012091994285579055,0.012099309163854984,0.10388146004853618,False
BPI20_RequestForPayment_CZ,case:Activity,False,odd,Activity,categorical,0.9662636339664459,0.9747581899166107,-0.008494555950164795,-0.8791136964655522,0.1786690820370782,False
BPI20_RequestForPayment_CZ,case:Activity,False,odd,org:role,categorical,0.9865780174732208,0.9896312236785889,-0.0030532062053680864,-0.30947438026115975,0.47311968896358836,False
BPI20_RequestForPayment_CZ,case:Activity,False,odd,case:Project,categorical,0.93328298330307,0.9282648384571075,0.005018144845962524,0.5376873826845459,0.30365152344764185,False
BPI20_RequestForPayment_CZ,case:Activity,False,odd,case:Task,categorical,0.7522067785263061,0.7522672533988952,-6.0474872589089124e-05,-0.008039660677821744,0.9500659817599066,False
BPI20_RequestForPayment_CZ,case:Activity,False,odd,case:OrganizationalEntity,categorical,0.9422612190246582,0.9420496046543121,0.00021161437034611374,0.022458142824253916,0.9693680158333176,False
BPI20_RequestForPayment_CZ,case:Activity,False,odd,case:RfpNumber,categorical,0.03174123540520659,0.03174123540520659,0.0,0.0,1.0,False
BPI20_RequestForPayment_CZ,case:Activity,False,odd,time:timestamp,numerical,0.00711179068312043,0.00660678930580611,-0.0005050013773143201,-7.100903271983554,0.2250646018463463,False
BPI20_RequestForPayment_CZ,case:Activity,False,odd,case:RequestedAmount,numerical,0.06287004947662349,0.08462508376687759,0.021755034290254105,34.603176665771706,0.25762241103382477,False
BPI20_RequestForPayment_CZ,case:Activity,False,even,org:resource,categorical,0.9997835457324982,0.9995670974254608,0.00021644830703737572,0.021649516834045653,0.038479002744576704,True
BPI20_RequestForPayment_CZ,case:Activity,False,even,Activity,categorical,0.9666907370090485,0.9677008271217347,-0.0010100901126861572,-0.10448947879767492,0.5984658820210764,False
BPI20_RequestForPayment_CZ,case:Activity,False,even,org:role,categorical,0.992304015159607,0.99107745885849,0.00122655630111701,0.12360690699409542,0.2678664191960378,False
BPI20_RequestForPayment_CZ,case:Activity,False,even,case:Project,categorical,0.9364117503166198,0.9306397438049316,0.005772006511688188,0.6163962070890883,0.28684793590196705,False
BPI20_RequestForPayment_CZ,case:Activity,False,even,case:Task,categorical,0.7556036651134491,0.7563251674175262,-0.0007215023040770818,-0.09548687193950453,0.2999898713211886,False
BPI20_RequestForPayment_CZ,case:Activity,False,even,case:OrganizationalEntity,categorical,0.9463684737682343,0.9457191169261933,0.0006493568420410378,0.0686156460237353,0.9021418640084128,False
BPI20_RequestForPayment_CZ,case:Activity,False,even,case:RfpNumber,categorical,0.0447330437600612,0.0447330437600612,0.0,0.0,,False
BPI20_RequestForPayment_CZ,case:Activity,False,even,time:timestamp,numerical,0.00679513895884151,0.00642582182772451,-0.0003693171311169993,-5.435019553742334,0.4643051531813277,False
BPI20_RequestForPayment_CZ,case:Activity,False,even,case:RequestedAmount,numerical,0.07635019235312934,0.1001384988427162,0.023788306489586852,31.1568389763354,0.3297112823631414,False
BPI20_RequestForPayment_CZ,case:Activity,False,window,org:resource,categorical,0.9983198583126068,0.9978945016860962,0.0004253566265106645,0.04260724886607147,0.40363084659019544,False
BPI20_RequestForPayment_CZ,case:Activity,False,window,Activity,categorical,0.9507018148899078,0.9641854465007782,-0.013483631610870406,-1.4182818839397948,0.10397485364516787,False
BPI20_RequestForPayment_CZ,case:Activity,False,window,org:role,categorical,0.990854948759079,0.9884091794490815,0.002445769309997514,0.24683424279815447,0.28846077254169633,False
BPI20_RequestForPayment_CZ,case:Activity,False,window,case:Project,categorical,0.9261803388595581,0.9215440094470978,0.004636329412460283,0.5005860325397509,0.4882985744069699,False
BPI20_RequestForPayment_CZ,case:Activity,False,window,case:Task,categorical,0.7538919448852539,0.7546363115310669,-0.0007443666458130105,-0.09873651666702803,0.261566549829674,False
BPI20_RequestForPayment_CZ,case:Activity,False,window,case:OrganizationalEntity,categorical,0.9376860857009888,0.9380263566970826,-0.0003402709960937944,-0.03628836998678689,0.9525627219526962,False
BPI20_RequestForPayment_CZ,case:Activity,False,window,case:RfpNumber,categorical,0.0399829857051372,0.0399829857051372,0.0,0.0,,False
BPI20_RequestForPayment_CZ,case:Activity,False,window,time:timestamp,numerical,0.00746951578184957,0.0068500540684908,-0.0006194617133587696,-8.293197731290972,0.19710670609153472,False
BPI20_RequestForPayment_CZ,case:Activity,False,window,case:RequestedAmount,numerical,0.10737459398806089,0.12820777297019953,0.020833178982138642,19.40233551379492,0.2771079775235617,False
BPI20_RequestForPayment_CZ,case:Activity,False,random,org:resource,categorical,0.9177705645561218,0.8983036756515503,0.01946688890457149,2.1211062607991376,0.1378959757754061,False
BPI20_RequestForPayment_CZ,case:Activity,False,random,Activity,categorical,0.8138125658035278,0.8299407303333283,-0.01612816452980048,-1.9818033300918794,0.2088255014113734,False
BPI20_RequestForPayment_CZ,case:Activity,False,random,org:role,categorical,0.8790791094303131,0.8729940354824066,0.006085073947906472,0.6922100505664276,0.5675507818286727,False
BPI20_RequestForPayment_CZ,case:Activity,False,random,case:Project,categorical,0.8345180034637452,0.8192245125770569,0.015293490886688299,1.832613655213097,0.1417741026416296,False
BPI20_RequestForPayment_CZ,case:Activity,False,random,case:Task,categorical,0.7539746403694153,0.7540285348892212,-5.3894519805863794e-05,-0.007148054711688683,0.8896596407573929,False
BPI20_RequestForPayment_CZ,case:Activity,False,random,case:OrganizationalEntity,categorical,0.8479267179965972,0.856381219625473,-0.008454501628875732,-0.9970792816684968,0.3165357460289894,False
BPI20_RequestForPayment_CZ,case:Activity,False,random,case:RfpNumber,categorical,0.0413269586861133,0.0413269586861133,0.0,0.0,,False
BPI20_RequestForPayment_CZ,case:Activity,False,random,time:timestamp,numerical,0.00760336732491846,0.00741294501349324,-0.0001904223114252198,-2.5044470862423043,0.5486335499310502,False
BPI20_RequestForPayment_CZ,case:Activity,False,random,case:RequestedAmount,numerical,0.2671826109290123,0.2865239143371582,0.019341303408145882,7.238982859286703,0.27453981111744485,False
BPI20_RequestForPayment_CZ,case:Activity,False,attr_level,org:resource,categorical,0.991328877210617,0.9838120996952057,0.007516777515411355,0.7582526534041786,0.06427038619957391,False
BPI20_RequestForPayment_CZ,case:Activity,False,attr_level,Activity,categorical,0.9194554150104522,0.9311392605304718,-0.011683845520019553,-1.2707354080770445,0.05202756308082471,False
BPI20_RequestForPayment_CZ,case:Activity,False,attr_level,org:role,categorical,0.9674443662166595,0.9640774548053741,0.0033669114112854226,0.34802119159081457,0.4859313267590979,False
BPI20_RequestForPayment_CZ,case:Activity,False,attr_level,case:Project,categorical,0.8119194805622101,0.7738255083560943,0.03809397220611577,4.691841139190029,0.020333496109832906,True
BPI20_RequestForPayment_CZ,case:Activity,False,attr_level,case:Task,categorical,0.7585068643093109,0.7593453705310822,-0.0008385062217712846,-0.11054695233837078,0.25395420055839063,False
BPI20_RequestForPayment_CZ,case:Activity,False,attr_level,case:OrganizationalEntity,categorical,0.8329946637153626,0.8467112421989441,-0.013716578483581543,-1.6466586259271103,0.30528372410722626,False
BPI20_RequestForPayment_CZ,case:Activity,False,attr_level,case:RfpNumber,categorical,0.03798710219562049,0.03798710145056243,7.450580569168253e-10,1.9613448087722853e-06,0.9999991851901653,False
BPI20_RequestForPayment_CZ,case:Activity,False,attr_level,time:timestamp,numerical,0.007621584367006979,0.0071060882881283285,-0.0005154960788786508,-6.7636340956898415,0.35098396349000816,False
BPI20_RequestForPayment_CZ,case:Activity,False,attr_level,case:RequestedAmount,numerical,0.2948265507817268,0.31116255819797517,0.016336007416248355,5.540887471950458,0.43676266002324304,False
BPI20_RequestForPayment_CZ,case:OrganizationalEntity,False,odd,org:resource,categorical,0.9993954300880432,0.9992140471935272,0.000181382894515969,0.018149261949295666,0.023853218575288188,True
BPI20_RequestForPayment_CZ,case:OrganizationalEntity,False,odd,Activity,categorical,0.9662636339664459,0.9854595243930817,-0.01919589042663583,-1.9866100463532936,0.003547233216237896,True
BPI20_RequestForPayment_CZ,case:OrganizationalEntity,False,odd,org:role,categorical,0.9865780174732208,0.9926239788532257,-0.006045961380004905,-0.612821416342678,0.13940294722585925,False
BPI20_RequestForPayment_CZ,case:OrganizationalEntity,False,odd,case:Project,categorical,0.93328298330307,0.9283555209636688,0.004927462339401223,0.5279708756675253,0.3179549690505369,False
BPI20_RequestForPayment_CZ,case:OrganizationalEntity,False,odd,case:Task,categorical,0.7522067785263061,0.7526904702186584,-0.0004836916923522949,-0.06430302227532762,0.6204660516964099,False
BPI20_RequestForPayment_CZ,case:OrganizationalEntity,False,odd,case:Activity,categorical,1.0,1.0,0.0,0.0,,False
BPI20_RequestForPayment_CZ,case:OrganizationalEntity,False,odd,case:RfpNumber,categorical,0.03174123540520659,0.03174123540520659,0.0,0.0,1.0,False
BPI20_RequestForPayment_CZ,case:OrganizationalEntity,False,odd,time:timestamp,numerical,0.00711179068312043,0.00694022369571025,-0.0001715669874101794,-2.4124302170111283,0.7041004149486021,False
BPI20_RequestForPayment_CZ,case:OrganizationalEntity,False,odd,case:RequestedAmount,numerical,0.06287004947662349,0.13712956160306927,0.07425951212644578,118.11587988976716,0.021575266077996594,True
BPI20_RequestForPayment_CZ,case:OrganizationalEntity,False,even,org:resource,categorical,0.9997835457324982,0.9993747234344482,0.00040882229804994896,0.0408910808539485,0.00031235867789827093,True
BPI20_RequestForPayment_CZ,case:OrganizationalEntity,False,even,Activity,categorical,0.9666907370090485,0.9715247869491577,-0.004834049940109164,-0.5000616800224823,0.0008881147507280637,True
BPI20_RequestForPayment_CZ,case:OrganizationalEntity,False,even,org:role,categorical,0.992304015159607,0.9916065573692322,0.0006974577903747781,0.07028670444940159,0.23035764951394527,False
BPI20_RequestForPayment_CZ,case:OrganizationalEntity,False,even,case:Project,categorical,0.9364117503166198,0.9324675440788269,0.003944206237792902,0.421204265800732,0.3993042380554095,False
BPI20_RequestForPayment_CZ,case:OrganizationalEntity,False,even,case:Task,categorical,0.7556036651134491,0.7566378176212311,-0.001034152507781938,-0.1368644112686598,0.1990957942557093,False
BPI20_RequestForPayment_CZ,case:OrganizationalEntity,False,even,case:Activity,categorical,1.0,1.0,0.0,0.0,,False
BPI20_RequestForPayment_CZ,case:OrganizationalEntity,False,even,case:RfpNumber,categorical,0.0447330437600612,0.0447330437600612,0.0,0.0,,False
BPI20_RequestForPayment_CZ,case:OrganizationalEntity,False,even,time:timestamp,numerical,0.00679513895884151,0.0060701061040162605,-0.0007250328548252492,-10.669875321414453,0.1493820057652045,False
BPI20_RequestForPayment_CZ,case:OrganizationalEntity,False,even,case:RequestedAmount,numerical,0.07635019235312934,0.14029105044901366,0.06394085809588432,83.74681991651012,0.04260198929602375,True
BPI20_RequestForPayment_CZ,case:OrganizationalEntity,False,window,org:resource,categorical,0.9983198583126068,0.9942790269851685,0.004040831327438377,0.40476319225667046,0.24862667397851215,False
BPI20_RequestForPayment_CZ,case:OrganizationalEntity,False,window,Activity,categorical,0.9507018148899078,0.9750744223594665,-0.024372607469558716,-2.5636437301196366,0.001463786668127781,True
BPI20_RequestForPayment_CZ,case:OrganizationalEntity,False,window,org:role,categorical,0.990854948759079,0.98838791847229,0.0024670302867889626,0.24897996320032587,0.20612436471877071,False
BPI20_RequestForPayment_CZ,case:OrganizationalEntity,False,window,case:Project,categorical,0.9261803388595581,0.9204806327819824,0.005699706077575639,0.6153991656305196,0.5887913066571644,False
BPI20_RequestForPayment_CZ,case:OrganizationalEntity,False,window,case:Task,categorical,0.7538919448852539,0.7547426521778107,-0.0008507072925567627,-0.11284207217338614,0.26834974898476915,False
BPI20_RequestForPayment_CZ,case:OrganizationalEntity,False,window,case:Activity,categorical,1.0,1.0,0.0,0.0,,False
BPI20_RequestForPayment_CZ,case:OrganizationalEntity,False,window,case:RfpNumber,categorical,0.0399829857051372,0.0399829857051372,0.0,0.0,,False
BPI20_RequestForPayment_CZ,case:OrganizationalEntity,False,window,time:timestamp,numerical,0.00746951578184957,0.00690500494092697,-0.0005645108409225996,-7.557529261727028,0.23854283426926565,False
BPI20_RequestForPayment_CZ,case:OrganizationalEntity,False,window,case:RequestedAmount,numerical,0.10737459398806089,0.12762352675199504,0.02024893276393415,18.858215907373445,0.18492481683524167,False
BPI20_RequestForPayment_CZ,case:OrganizationalEntity,False,random,org:resource,categorical,0.9177705645561218,0.8920839726924896,0.025686591863632202,2.7988031928279895,0.015937519654731263,True
BPI20_RequestForPayment_CZ,case:OrganizationalEntity,False,random,Activity,categorical,0.8138125658035278,0.8445610761642456,-0.030748510360717796,-3.778328285009691,0.010546269306012216,True
BPI20_RequestForPayment_CZ,case:OrganizationalEntity,False,random,org:role,categorical,0.8790791094303131,0.8693860650062561,0.00969304442405694,1.1026361928152877,0.30027072999066007,False
BPI20_RequestForPayment_CZ,case:OrganizationalEntity,False,random,case:Project,categorical,0.8345180034637452,0.8295099198818207,0.005008083581924505,0.6001169011498835,0.7162319703013289,False
BPI20_RequestForPayment_CZ,case:OrganizationalEntity,False,random,case:Task,categorical,0.7539746403694153,0.7546213686466217,-0.0006467282772063543,-0.08577586600120729,0.2390388780663526,False
BPI20_RequestForPayment_CZ,case:OrganizationalEntity,False,random,case:Activity,categorical,0.9780828773975372,0.9710015594959259,0.0070813179016112615,0.723999782150679,0.38200463734963785,False
BPI20_RequestForPayment_CZ,case:OrganizationalEntity,False,random,case:RfpNumber,categorical,0.0413269586861133,0.0413269586861133,0.0,0.0,,False
BPI20_RequestForPayment_CZ,case:OrganizationalEntity,False,random,time:timestamp,numerical,0.00760336732491846,0.007154794875532342,-0.0004485724493861181,-5.899655116174841,0.09847010487314342,False
BPI20_RequestForPayment_CZ,case:OrganizationalEntity,False,random,case:RequestedAmount,numerical,0.2671826109290123,0.2954406440258026,0.028258033096790314,10.576299482415862,0.14067911353721685,False
BPI20_RequestForPayment_CZ,case:OrganizationalEntity,False,attr_level,org:resource,categorical,0.991328877210617,0.9874899625778198,0.0038389146327971746,0.38724934994318355,0.1122894848837017,False
BPI20_RequestForPayment_CZ,case:OrganizationalEntity,False,attr_level,Activity,categorical,0.9194554150104522,0.9383293211460113,-0.01887390613555906,-2.0527266278968517,0.00041860710263709634,True
BPI20_RequestForPayment_CZ,case:OrganizationalEntity,False,attr_level,org:role,categorical,0.9674443662166595,0.9616649627685547,0.005779403448104792,0.5973887129764412,0.37703922286461045,False
BPI20_RequestForPayment_CZ,case:OrganizationalEntity,False,attr_level,case:Project,categorical,0.8119194805622101,0.7948724925518036,0.017046988010406494,2.0995909592663526,0.37662556396103775,False
BPI20_RequestForPayment_CZ,case:OrganizationalEntity,False,attr_level,case:Task,categorical,0.7585068643093109,0.7591830909252166,-0.0006762266159057173,-0.08915233964579646,0.5360956272080828,False
BPI20_RequestForPayment_CZ,case:OrganizationalEntity,False,attr_level,case:Activity,categorical,0.9702151238918304,0.9693983495235443,0.0008167743682860884,0.08418487283621759,0.8723477971699902,False
BPI20_RequestForPayment_CZ,case:OrganizationalEntity,False,attr_level,case:RfpNumber,categorical,0.03798710219562049,0.03843565769493576,-0.00044855549931527294,-1.1808099944169648,0.33615035947913563,False
BPI20_RequestForPayment_CZ,case:OrganizationalEntity,False,attr_level,time:timestamp,numerical,0.007621584367006979,0.00678446721285577,-0.0008371171541512092,-10.983505710111924,0.0973967906537487,False
BPI20_RequestForPayment_CZ,case:OrganizationalEntity,False,attr_level,case:RequestedAmount,numerical,0.2948265507817268,0.32225492894649505,0.02742837816476823,9.30322526653126,0.18654706196748627,False
BPI20_RequestForPayment_CZ,case:Project,False,odd,org:resource,categorical,0.9993954300880432,0.9993651986122132,3.0231475830033716e-05,0.0030249763927147864,0.3434363961385867,False
BPI20_RequestForPayment_CZ,case:Project,False,odd,Activity,categorical,0.9662636339664459,0.9709190249443054,-0.004655390977859497,-0.48179304428020714,0.48421637902018777,False
BPI20_RequestForPayment_CZ,case:Project,False,odd,org:role,categorical,0.9865780174732208,0.9913845598697663,-0.004806542396545432,-0.4871933401532432,0.2301302757531342,False
BPI20_RequestForPayment_CZ,case:Project,False,odd,case:Task,categorical,0.7522067785263061,0.7522974789142609,-9.070038795477853e-05,-0.012057906222604794,0.9264627994177268,False
BPI20_RequestForPayment_CZ,case:Project,False,odd,case:OrganizationalEntity,categorical,0.9422612190246582,0.9347340106964112,0.007527208328247048,0.7988451796879128,0.21694573071032575,False
BPI20_RequestForPayment_CZ,case:Project,False,odd,case:Activity,categorical,1.0,1.0,0.0,0.0,,False
BPI20_RequestForPayment_CZ,case:Project,False,odd,case:RfpNumber,categorical,0.03174123540520659,0.03174123540520659,0.0,0.0,1.0,False
BPI20_RequestForPayment_CZ,case:Project,False,odd,time:timestamp,numerical,0.00711179068312043,0.0067446077708154615,-0.0003671829123049683,-5.163016301597055,0.33428628962636886,False
BPI20_RequestForPayment_CZ,case:Project,False,odd,case:RequestedAmount,numerical,0.06287004947662349,0.12291978970170019,0.0600497402250767,95.51406548105955,0.03603375137199898,True
BPI20_RequestForPayment_CZ,case:Project,False,even,org:resource,categorical,0.9997835457324982,0.9996392488479614,0.00014429688453676537,0.014432812497533682,0.21270883023058107,False
BPI20_RequestForPayment_CZ,case:Project,False,even,Activity,categorical,0.9666907370090485,0.9673641383647918,-0.0006734013557433416,-0.06966047464433689,0.6619123141813391,False
BPI20_RequestForPayment_CZ,case:Project,False,even,org:role,categorical,0.992304015159607,0.9911496043205261,0.001154410839080855,0.1163364071337728,0.2457722352270227,False
BPI20_RequestForPayment_CZ,case:Project,False,even,case:Task,categorical,0.7556036651134491,0.7562289655208587,-0.0006253004074096014,-0.08275507865829587,0.4552053866868274,False
BPI20_RequestForPayment_CZ,case:Project,False,even,case:OrganizationalEntity,categorical,0.9463684737682343,0.938335758447647,0.008032715320587247,0.8487936298852723,0.1915533691628099,False
BPI20_RequestForPayment_CZ,case:Project,False,even,case:Activity,categorical,1.0,1.0,0.0,0.0,,False
BPI20_RequestForPayment_CZ,case:Project,False,even,case:RfpNumber,categorical,0.0447330437600612,0.0447330437600612,0.0,0.0,,False
BPI20_RequestForPayment_CZ,case:Project,False,even,time:timestamp,numerical,0.00679513895884151,0.00650135232135649,-0.0002937866374850195,-4.323482408005187,0.6414491407458294,False
BPI20_RequestForPayment_CZ,case:Project,False,even,case:RequestedAmount,numerical,0.07635019235312934,0.12553025111556051,0.04918005876243117,64.41379811457075,0.026329998422360782,True
BPI20_RequestForPayment_CZ,case:Project,False,window,org:resource,categorical,0.9983198583126068,0.9976605653762818,0.000659292936325051,0.06604025061060187,0.2172442993906697,False
BPI20_RequestForPayment_CZ,case:Project,False,window,Activity,categorical,0.9507018148899078,0.9526796996593475,-0.0019778847694397195,-0.20804470323523686,0.8355980006128023,False
BPI20_RequestForPayment_CZ,case:Project,False,window,org:role,categorical,0.990854948759079,0.9895576298236847,0.0012973189353943093,0.1309292482233689,0.30654942445682987,False
BPI20_RequestForPayment_CZ,case:Project,False,window,case:Task,categorical,0.7538919448852539,0.7545937836170197,-0.0007018387317657693,-0.09309540134065136,0.3628017227822917,False
BPI20_RequestForPayment_CZ,case:Project,False,window,case:OrganizationalEntity,categorical,0.9376860857009888,0.9322415888309479,0.0054444968700408936,0.580631082519555,0.36230795748846467,False
BPI20_RequestForPayment_CZ,case:Project,False,window,case:Activity,categorical,1.0,1.0,0.0,0.0,,False
BPI20_RequestForPayment_CZ,case:Project,False,window,case:RfpNumber,categorical,0.0399829857051372,0.0399829857051372,0.0,0.0,,False
BPI20_RequestForPayment_CZ,case:Project,False,window,time:timestamp,numerical,0.00746951578184957,0.0068445419427007,-0.0006249738391488702,-8.36699268602545,0.18940460267350456,False
BPI20_RequestForPayment_CZ,case:Project,False,window,case:RequestedAmount,numerical,0.10737459398806089,0.15508919768035406,0.047714603692293175,44.437517219016094,0.09159488473734266,False
BPI20_RequestForPayment_CZ,case:Project,False,random,org:resource,categorical,0.9177705645561218,0.9120893537998199,0.005681210756301902,0.6190229863222526,0.5220515289130021,False
BPI20_RequestForPayment_CZ,case:Project,False,random,Activity,categorical,0.8138125658035278,0.8235325396060944,-0.009719973802566617,-1.194374996283018,0.3891391320245684,False
BPI20_RequestForPayment_CZ,case:Project,False,random,org:role,categorical,0.8790791094303131,0.8765212237834931,0.002557885646820024,0.29097331734770276,0.737547819721396,False
BPI20_RequestForPayment_CZ,case:Project,False,random,case:Task,categorical,0.7539746403694153,0.7543519020080567,-0.0003772616386413796,-0.050036382981864955,0.5158865181726768,False
BPI20_RequestForPayment_CZ,case:Project,False,random,case:OrganizationalEntity,categorical,0.8479267179965972,0.8482767462730407,-0.00035002827644348145,-0.04128048674660186,0.966334934158654,False
BPI20_RequestForPayment_CZ,case:Project,False,random,case:Activity,categorical,0.9780828773975372,0.9736402273178101,0.004442650079727106,0.45422020795906565,0.4166307633665921,False
BPI20_RequestForPayment_CZ,case:Project,False,random,case:RfpNumber,categorical,0.0413269586861133,0.0413269586861133,0.0,0.0,,False
BPI20_RequestForPayment_CZ,case:Project,False,random,time:timestamp,numerical,0.00760336732491846,0.00744133284315462,-0.0001620344817638399,-2.1310884354199944,0.6181294676992493,False
BPI20_RequestForPayment_CZ,case:Project,False,random,case:RequestedAmount,numerical,0.2671826109290123,0.32051563262939453,0.05333302170038223,19.961262267383216,0.018410871293527645,True
BPI20_RequestForPayment_CZ,case:Project,False,attr_level,org:resource,categorical,0.991328877210617,0.9900134325027465,0.0013154447078704834,0.13269508617280046,0.3740635735427865,False
BPI20_RequestForPayment_CZ,case:Project,False,attr_level,Activity,categorical,0.9194554150104522,0.9237377285957337,-0.0042823135852814165,-0.46574456089670596,0.43207676131988426,False
BPI20_RequestForPayment_CZ,case:Project,False,attr_level,org:role,categorical,0.9674443662166595,0.9666755557060241,0.000768810510635376,0.07946818829923297,0.8380835903669398,False
BPI20_RequestForPayment_CZ,case:Project,False,attr_level,case:Task,categorical,0.7585068643093109,0.7598052084445953,-0.0012983441352844016,-0.17117104621942497,0.11446751424313577,False
BPI20_RequestForPayment_CZ,case:Project,False,attr_level,case:OrganizationalEntity,categorical,0.8329946637153626,0.8289839744567871,0.004010689258575506,0.4814783855501353,0.7836339456486068,False
BPI20_RequestForPayment_CZ,case:Project,False,attr_level,case:Activity,categorical,0.9702151238918304,0.9692077696323395,0.0010073542594909446,0.10382792791872154,0.8177010406178674,False
BPI20_RequestForPayment_CZ,case:Project,False,attr_level,case:RfpNumber,categorical,0.03798710219562049,0.037678719684481575,0.00030838251113891185,0.8118084647542952,0.6569979712962439,False
BPI20_RequestForPayment_CZ,case:Project,False,attr_level,time:timestamp,numerical,0.007621584367006979,0.00713261389173563,-0.0004889704752713492,-6.415601425184636,0.37770244825067534,False
BPI20_RequestForPayment_CZ,case:Project,False,attr_level,case:RequestedAmount,numerical,0.2948265507817268,0.33781103491783143,0.04298448413610462,14.579583833997345,0.048616784137961076,True
BPI20_RequestForPayment_CZ,case:RequestedAmount,False,odd,org:resource,categorical,0.9993954300880432,0.9993047416210175,9.068846702575684e-05,0.009074332771140198,0.39382871766501115,False
BPI20_RequestForPayment_CZ,case:RequestedAmount,False,odd,Activity,categorical,0.9662636339664459,0.9625151455402374,0.0037484884262084517,0.3879364072536978,0.6410122145619708,False
BPI20_RequestForPayment_CZ,case:RequestedAmount,False,odd,org:role,categorical,0.9865780174732208,0.9769649684429169,0.00961304903030391,0.9743830553740107,0.16377060990266973,False
BPI20_RequestForPayment_CZ,case:RequestedAmount,False,odd,case:Project,categorical,0.93328298330307,0.9323156237602234,0.0009673595428466575,0.10365125692348787,0.7291149007326111,False
BPI20_RequestForPayment_CZ,case:RequestedAmount,False,odd,case:Task,categorical,0.7522067785263061,0.752357941865921,-0.00015116333961484596,-0.020095982106276576,0.8720250433419003,False
BPI20_RequestForPayment_CZ,case:RequestedAmount,False,odd,case:OrganizationalEntity,categorical,0.9422612190246582,0.9419286906719208,0.00033252835273744896,0.035290463623415556,0.9488598705541129,False
BPI20_RequestForPayment_CZ,case:RequestedAmount,False,odd,case:Activity,categorical,1.0,1.0,0.0,0.0,,False
BPI20_RequestForPayment_CZ,case:RequestedAmount,False,odd,case:RfpNumber,categorical,0.03174123540520659,0.03174123540520659,0.0,0.0,1.0,False
BPI20_RequestForPayment_CZ,case:RequestedAmount,False,odd,time:timestamp,numerical,0.00711179068312043,0.0070380145683884105,-7.377611473201925e-05,-1.037377476633615,0.9266979455006109,False
BPI20_RequestForPayment_CZ,case:RequestedAmount,False,even,org:resource,categorical,0.9997835457324982,0.9993987679481506,0.0003847777843475342,0.0384861089172681,0.0005318882340137952,True
BPI20_RequestForPayment_CZ,case:RequestedAmount,False,even,Activity,categorical,0.9666907370090485,0.965921139717102,0.0007695972919464777,0.07961153060467094,0.875792046129658,False
BPI20_RequestForPayment_CZ,case:RequestedAmount,False,even,org:role,categorical,0.992304015159607,0.9900192618370056,0.0022847533226013628,0.2302473120834719,0.008601060688871474,True
BPI20_RequestForPayment_CZ,case:RequestedAmount,False,even,case:Project,categorical,0.9364117503166198,0.9337662577629089,0.0026454925537109375,0.2825138143361019,0.4152026357100532,False
BPI20_RequestForPayment_CZ,case:RequestedAmount,False,even,case:Task,categorical,0.7556036651134491,0.7556036651134491,0.0,0.0,1.0,False
BPI20_RequestForPayment_CZ,case:RequestedAmount,False,even,case:OrganizationalEntity,categorical,0.9463684737682343,0.9449735641479492,0.0013949096202851008,0.14739603642235385,0.780486806608413,False
BPI20_RequestForPayment_CZ,case:RequestedAmount,False,even,case:Activity,categorical,1.0,1.0,0.0,0.0,,False
BPI20_RequestForPayment_CZ,case:RequestedAmount,False,even,case:RfpNumber,categorical,0.0447330437600612,0.0447330437600612,0.0,0.0,,False
BPI20_RequestForPayment_CZ,case:RequestedAmount,False,even,time:timestamp,numerical,0.00679513895884151,0.00720989983528848,0.0004147608764469707,6.103788001381542,0.7565092669046879,False
BPI20_RequestForPayment_CZ,case:RequestedAmount,False,window,org:resource,categorical,0.9983198583126068,0.9973840832710266,0.0009357750415802668,0.09373499222603311,0.08034482206520446,False
BPI20_RequestForPayment_CZ,case:RequestedAmount,False,window,Activity,categorical,0.9507018148899078,0.9673968374729156,-0.016695022583007812,-1.7560734944995464,0.04944481532669397,True
BPI20_RequestForPayment_CZ,case:RequestedAmount,False,window,org:role,categorical,0.990854948759079,0.9813058197498321,0.00954912900924687,0.9637262266496173,0.0004367794886485633,True
BPI20_RequestForPayment_CZ,case:RequestedAmount,False,window,case:Project,categorical,0.9261803388595581,0.9282858192920684,-0.0021054804325103538,-0.2273294243217162,0.6818553585149432,False
BPI20_RequestForPayment_CZ,case:RequestedAmount,False,window,case:Task,categorical,0.7538919448852539,0.7540408194065094,-0.00014887452125544876,-0.019747461458565947,0.8212104239459331,False
BPI20_RequestForPayment_CZ,case:RequestedAmount,False,window,case:OrganizationalEntity,categorical,0.9376860857009888,0.9371543943881988,0.0005316913127899614,0.05670248507446747,0.9274755247971289,False
BPI20_RequestForPayment_CZ,case:RequestedAmount,False,window,case:Activity,categorical,1.0,1.0,0.0,0.0,,False
BPI20_RequestForPayment_CZ,case:RequestedAmount,False,window,case:RfpNumber,categorical,0.0399829857051372,0.0399829857051372,0.0,0.0,,False
BPI20_RequestForPayment_CZ,case:RequestedAmount,False,window,time:timestamp,numerical,0.00746951578184957,0.00741413570940488,-5.538007244468984e-05,-0.7414144914086634,0.9423572048505031,False
BPI20_RequestForPayment_CZ,case:RequestedAmount,False,random,org:resource,categorical,0.9177705645561218,0.9015346825122833,0.016235882043838523,1.7690567415060843,0.09402924882460915,False
BPI20_RequestForPayment_CZ,case:RequestedAmount,False,random,Activity,categorical,0.8138125658035278,0.848411375284195,-0.03459880948066718,-4.251446946694123,0.0034535352465665022,True
BPI20_RequestForPayment_CZ,case:RequestedAmount,False,random,org:role,categorical,0.8790791094303131,0.831556236743927,0.04752287268638611,5.405983622700725,4.620131881155219e-06,True
BPI20_RequestForPayment_CZ,case:RequestedAmount,False,random,case:Project,categorical,0.8345180034637452,0.8378028690814971,-0.0032848656177519864,-0.39362429619467093,0.7165835243041673,False
BPI20_RequestForPayment_CZ,case:RequestedAmount,False,random,case:Task,categorical,0.7539746403694153,0.7540285289287567,-5.388855934140846e-05,-0.007147264172572883,0.8936240166981138,False
BPI20_RequestForPayment_CZ,case:RequestedAmount,False,random,case:OrganizationalEntity,categorical,0.8479267179965972,0.8481421291828155,-0.00021541118621826172,-0.02540445791438384,0.9834208360412935,False
BPI20_RequestForPayment_CZ,case:RequestedAmount,False,random,case:Activity,categorical,0.9780828773975372,0.976117342710495,0.001965534687042192,0.20095788735940723,0.7222391068575924,False
BPI20_RequestForPayment_CZ,case:RequestedAmount,False,random,case:RfpNumber,categorical,0.0413269586861133,0.04113016389310355,0.00019679479300975522,0.47618987524451506,0.34343639613792487,False
BPI20_RequestForPayment_CZ,case:RequestedAmount,False,random,time:timestamp,numerical,0.00760336732491846,0.00760878785513337,5.420530214910076e-06,0.07129117906937643,0.9948231968905189,False
BPI20_RequestForPayment_CZ,case:RequestedAmount,False,attr_level,org:resource,categorical,0.991328877210617,0.986657726764679,0.0046711504459380215,0.4712008853289555,0.02451214208879415,True
BPI20_RequestForPayment_CZ,case:RequestedAmount,False,attr_level,Activity,categorical,0.9194554150104522,0.9289716899394989,-0.009516274929046609,-1.0349903620871523,0.20565470327459232,False
BPI20_RequestForPayment_CZ,case:RequestedAmount,False,attr_level,org:role,categorical,0.9674443662166595,0.9559650599956513,0.011479306221008234,1.1865598293677426,0.008693450874586872,True
BPI20_RequestForPayment_CZ,case:RequestedAmount,False,attr_level,case:Project,categorical,0.8119194805622101,0.809879207611084,0.0020402729511260764,0.25129006015637145,0.8290500703317576,False
BPI20_RequestForPayment_CZ,case:RequestedAmount,False,attr_level,case:Task,categorical,0.7585068643093109,0.7592912793159485,-0.0007844150066376177,-0.10341567671268188,0.2336796091575055,False
BPI20_RequestForPayment_CZ,case:RequestedAmount,False,attr_level,case:OrganizationalEntity,categorical,0.8329946637153626,0.843903762102127,-0.01090909838676446,-1.3096240422606285,0.3590397311298713,False
BPI20_RequestForPayment_CZ,case:RequestedAmount,False,attr_level,case:Activity,categorical,0.9702151238918304,0.9724748492240906,-0.002259725332260154,-0.23290972039228813,0.5720481247043478,False
BPI20_RequestForPayment_CZ,case:RequestedAmount,False,attr_level,case:RfpNumber,categorical,0.03798710219562049,0.0383795883506536,-0.00039248615503311574,-1.0332089902829316,0.45789245702758796,False
BPI20_RequestForPayment_CZ,case:RequestedAmount,False,attr_level,time:timestamp,numerical,0.007621584367006979,0.00741594177670771,-0.00020564259029926934,-2.698160650028018,0.8532385457717612,False
BPI20_RequestForPayment_CZ,case:RfpNumber,False,odd,org:resource,categorical,0.9993954300880432,0.9991233587265015,0.00027207136154172584,0.027223594720435864,0.0038628795980119777,True
BPI20_RequestForPayment_CZ,case:RfpNumber,False,odd,Activity,categorical,0.9662636339664459,0.9815901100635529,-0.015326476097107022,-1.586158845096228,0.014349857061317908,True
BPI20_RequestForPayment_CZ,case:RfpNumber,False,odd,org:role,categorical,0.9865780174732208,0.9888452529907227,-0.0022672355175018533,-0.22980803112850565,0.5713878999488278,False
BPI20_RequestForPayment_CZ,case:RfpNumber,False,odd,case:Project,categorical,0.93328298330307,0.93325275182724,3.0231475830033716e-05,0.0032392614427661204,0.9923326738156013,False
BPI20_RequestForPayment_CZ,case:RfpNumber,False,odd,case:Task,categorical,0.7522067785263061,0.7531741440296174,-0.0009673655033112238,-0.12860366735945244,0.3631461141851178,False
BPI20_RequestForPayment_CZ,case:RfpNumber,False,odd,case:OrganizationalEntity,categorical,0.9422612190246582,0.9504836916923523,-0.008222472667694047,-0.8726319731385307,0.11131743847343038,False
BPI20_RequestForPayment_CZ,case:RfpNumber,False,odd,case:Activity,categorical,1.0,1.0,0.0,0.0,,False
BPI20_RequestForPayment_CZ,case:RfpNumber,False,odd,time:timestamp,numerical,0.00711179068312043,0.00674471501260991,-0.00036707567051052006,-5.1615083579689784,0.4246822580528886,False
BPI20_RequestForPayment_CZ,case:RfpNumber,False,odd,case:RequestedAmount,numerical,0.06287004947662349,0.05327364094555372,-0.009596408531069765,-15.263879400377963,0.4272860659916202,False
BPI20_RequestForPayment_CZ,case:RfpNumber,False,even,org:resource,categorical,0.9997835457324982,0.9993747234344482,0.00040882229804994896,0.0408910808539485,0.0006707666589756187,True
BPI20_RequestForPayment_CZ,case:RfpNumber,False,even,Activity,categorical,0.9666907370090485,0.9695045948028564,-0.002813857793807939,-0.2910814892582963,0.10287726539092612,False
BPI20_RequestForPayment_CZ,case:RfpNumber,False,even,org:role,categorical,0.992304015159607,0.9908369660377503,0.0014670491218566895,0.14784270742074163,0.015602340432087271,True
BPI20_RequestForPayment_CZ,case:RfpNumber,False,even,case:Project,categorical,0.9364117503166198,0.9359788537025452,0.0004328966140746404,0.04622930179253617,0.9087238347013619,False
BPI20_RequestForPayment_CZ,case:RfpNumber,False,even,case:Task,categorical,0.7556036651134491,0.757022625207901,-0.0014189600944518599,-0.18779158439349444,0.08827807470991068,False
BPI20_RequestForPayment_CZ,case:RfpNumber,False,even,case:OrganizationalEntity,categorical,0.9463684737682343,0.9541847229003906,-0.007816249132156283,-0.8259202782858639,0.10724295262642564,False
BPI20_RequestForPayment_CZ,case:RfpNumber,False,even,case:Activity,categorical,1.0,1.0,0.0,0.0,,False
BPI20_RequestForPayment_CZ,case:RfpNumber,False,even,time:timestamp,numerical,0.00679513895884151,0.0058860272634774,-0.0009091116953641098,-13.378853631554028,0.02205585197473701,True
BPI20_RequestForPayment_CZ,case:RfpNumber,False,even,case:RequestedAmount,numerical,0.07635019235312934,0.05323257856070991,-0.02311761379241943,-30.2783962684698,0.042031887591962,True
BPI20_RequestForPayment_CZ,case:RfpNumber,False,window,org:resource,categorical,0.9983198583126068,0.9977881669998169,0.0005316913127899614,0.0532586132954065,0.3479290972689547,False
BPI20_RequestForPayment_CZ,case:RfpNumber,False,window,Activity,categorical,0.9507018148899078,0.9753296434879303,-0.024627828598022483,-2.5904892798457957,0.0014335263997049322,True
BPI20_RequestForPayment_CZ,case:RfpNumber,False,window,org:role,categorical,0.990854948759079,0.9870693266391755,0.00378562211990352,0.38205613492111384,0.06233585954501524,False
BPI20_RequestForPayment_CZ,case:RfpNumber,False,window,case:Project,categorical,0.9261803388595581,0.927754145860672,-0.0015738070011138694,-0.16992446665967442,0.806715423448108,False
BPI20_RequestForPayment_CZ,case:RfpNumber,False,window,case:Task,categorical,0.7538919448852539,0.7550404012203217,-0.0011484563350677712,-0.15233699509053278,0.08539921972766099,False
BPI20_RequestForPayment_CZ,case:RfpNumber,False,window,case:OrganizationalEntity,categorical,0.9376860857009888,0.947851973772049,-0.010165888071060225,-1.0841462005336766,0.05542045339295931,False
BPI20_RequestForPayment_CZ,case:RfpNumber,False,window,case:Activity,categorical,1.0,1.0,0.0,0.0,,False
BPI20_RequestForPayment_CZ,case:RfpNumber,False,window,time:timestamp,numerical,0.00746951578184957,0.00693782134912903,-0.00053169443272054,-7.118191436351502,0.2644963424727427,False
BPI20_RequestForPayment_CZ,case:RfpNumber,False,window,case:RequestedAmount,numerical,0.10737459398806089,0.07200015373527999,-0.0353744402527809,-32.94488848704213,0.004833443344304247,True
BPI20_RequestForPayment_CZ,case:RfpNumber,False,random,org:resource,categorical,0.9177705645561218,0.9074851453304291,0.010285419225692705,1.120696132880142,0.23980308103501363,False
BPI20_RequestForPayment_CZ,case:RfpNumber,False,random,Activity,categorical,0.8138125658035278,0.857404375076294,-0.04359180927276618,-5.356492527210523,0.0001658680534194974,True
BPI20_RequestForPayment_CZ,case:RfpNumber,False,random,org:role,categorical,0.8790791094303131,0.8597737848758698,0.019305324554443337,2.1960850107055947,0.012239098745383075,True
BPI20_RequestForPayment_CZ,case:RfpNumber,False,random,case:Project,categorical,0.8345180034637452,0.8416800856590271,-0.007162082195281916,-0.8582298003823792,0.48013381657406806,False
BPI20_RequestForPayment_CZ,case:RfpNumber,False,random,case:Task,categorical,0.7539746403694153,0.7546482980251312,-0.0006736576557159202,-0.08934752173970424,0.08433931086905018,False
BPI20_RequestForPayment_CZ,case:RfpNumber,False,random,case:OrganizationalEntity,categorical,0.8479267179965972,0.8634625315666199,-0.01553581357002265,-1.8322118221170376,0.06386952009180406,False
BPI20_RequestForPayment_CZ,case:RfpNumber,False,random,case:Activity,categorical,0.9780828773975372,0.9821754992008209,-0.004092621803283736,-0.4184330283107808,0.27471810176974176,False
BPI20_RequestForPayment_CZ,case:RfpNumber,False,random,time:timestamp,numerical,0.00760336732491846,0.00703158760443323,-0.0005717797204852302,-7.520085457549062,0.03295654941429782,True
BPI20_RequestForPayment_CZ,case:RfpNumber,False,random,case:RequestedAmount,numerical,0.2671826109290123,0.11077172160148616,-0.15641088932752614,-58.54081924855616,1.2193768528007296e-07,True
BPI20_RequestForPayment_CZ,case:RfpNumber,False,attr_level,org:resource,categorical,0.991328877210617,0.9898255109786988,0.0015033662319182683,0.15165161294891485,0.28966582007017433,False
BPI20_RequestForPayment_CZ,case:RfpNumber,False,attr_level,Activity,categorical,0.9194554150104522,0.9384614944458007,-0.01900607943534849,-2.067101800159873,0.00047155076643025726,True
BPI20_RequestForPayment_CZ,case:RfpNumber,False,attr_level,org:role,categorical,0.9674443662166595,0.9641569912433624,0.003287374973297119,0.33979989838102076,0.20238885656264435,False
BPI20_RequestForPayment_CZ,case:RfpNumber,False,attr_level,case:Project,categorical,0.8119194805622101,0.8092080652713776,0.0027114152908325195,0.3339512544957059,0.8508472094660331,False
BPI20_RequestForPayment_CZ,case:RfpNumber,False,attr_level,case:Task,categorical,0.7585068643093109,0.7596970140933991,-0.001190149784088157,-0.15690692333706116,0.10998776171838641,False
BPI20_RequestForPayment_CZ,case:RfpNumber,False,attr_level,case:OrganizationalEntity,categorical,0.8329946637153626,0.8543850481510162,-0.021390384435653664,-2.567889731759775,0.08541677412547242,False
BPI20_RequestForPayment_CZ,case:RfpNumber,False,attr_level,case:Activity,categorical,0.9702151238918304,0.9764498114585877,-0.006234687566757269,-0.6426087795609725,0.10640495299307053,False
BPI20_RequestForPayment_CZ,case:RfpNumber,False,attr_level,time:timestamp,numerical,0.007621584367006979,0.00674722944386298,-0.0008743549231439995,-11.472088755311667,0.08724977131769598,False
BPI20_RequestForPayment_CZ,case:RfpNumber,False,attr_level,case:RequestedAmount,numerical,0.2948265507817268,0.13022141903638837,-0.16460513174533845,-55.83117643539605,1.82611487277867e-07,True
BPI20_RequestForPayment_CZ,case:Task,False,odd,org:resource,categorical,0.9993954300880432,0.9992745101451874,0.00012091994285579055,0.012099309163854984,0.10388146004853618,False
BPI20_RequestForPayment_CZ,case:Task,False,odd,Activity,categorical,0.9662636339664459,0.9658101856708526,0.0004534482955932395,0.04692801008477007,0.9514583079157227,False
BPI20_RequestForPayment_CZ,case:Task,False,odd,org:role,categorical,0.9865780174732208,0.9853386104106903,0.001239407062530562,0.125626867878617,0.8509364096572217,False
BPI20_RequestForPayment_CZ,case:Task,False,odd,case:Project,categorical,0.93328298330307,0.9326783776283264,0.0006046056747436301,0.06478267423282626,0.8408107942114795,False
BPI20_RequestForPayment_CZ,case:Task,False,odd,case:OrganizationalEntity,categorical,0.9422612190246582,0.9412031710147858,0.0010580480098724143,0.11228818384010411,0.8480974118050423,False
BPI20_RequestForPayment_CZ,case:Task,False,odd,case:Activity,categorical,1.0,1.0,0.0,0.0,,False
BPI20_RequestForPayment_CZ,case:Task,False,odd,case:RfpNumber,categorical,0.03174123540520659,0.03174123540520659,0.0,0.0,1.0,False
BPI20_RequestForPayment_CZ,case:Task,False,odd,time:timestamp,numerical,0.00711179068312043,0.008077267184853512,0.000965476501733082,13.575715944854853,0.46693846086178703,False
BPI20_RequestForPayment_CZ,case:Task,False,odd,case:RequestedAmount,numerical,0.06287004947662349,0.08495369106531139,0.022083641588687905,35.12585368156757,0.10361813061752113,False
BPI20_RequestForPayment_CZ,case:Task,False,even,org:resource,categorical,0.9997835457324982,0.9995190083980561,0.00026453733444209426,0.026459460707395337,0.020622521323011216,True
BPI20_RequestForPayment_CZ,case:Task,False,even,Activity,categorical,0.9666907370090485,0.9696969985961914,-0.0030062615871429,-0.31098483434777763,0.020171717745951546,True
BPI20_RequestForPayment_CZ,case:Task,False,even,org:role,categorical,0.992304015159607,0.9917027533054352,0.0006012618541717529,0.06059250441257592,0.4339310899582848,False
BPI20_RequestForPayment_CZ,case:Task,False,even,case:Project,categorical,0.9364117503166198,0.935642147064209,0.0007696032524108221,0.08218641555390602,0.8099296632923213,False
BPI20_RequestForPayment_CZ,case:Task,False,even,case:OrganizationalEntity,categorical,0.9463684737682343,0.9445166110992431,0.0018518626689911777,0.19568093404648843,0.7266677614400443,False
BPI20_RequestForPayment_CZ,case:Task,False,even,case:Activity,categorical,1.0,1.0,0.0,0.0,,False
BPI20_RequestForPayment_CZ,case:Task,False,even,case:RfpNumber,categorical,0.0447330437600612,0.0447330437600612,0.0,0.0,,False
BPI20_RequestForPayment_CZ,case:Task,False,even,time:timestamp,numerical,0.00679513895884151,0.0077305159065872,0.00093537694774569,13.76538365751332,0.3663864199986261,False
BPI20_RequestForPayment_CZ,case:Task,False,even,case:RequestedAmount,numerical,0.07635019235312934,0.09355557076632973,0.017205378413200384,22.534819995768082,0.25177770621820755,False
BPI20_RequestForPayment_CZ,case:Task,False,window,org:resource,categorical,0.9983198583126068,0.9975116848945618,0.0008081734180450661,0.08095335491082663,0.23111000398503637,False
BPI20_RequestForPayment_CZ,case:Task,False,window,Activity,categorical,0.9507018148899078,0.9656954288482666,-0.014993613958358853,-1.577110059487488,0.033944768321305725,True
BPI20_RequestForPayment_CZ,case:Task,False,window,org:role,categorical,0.990854948759079,0.9883028388023376,0.0025521099567413774,0.2575664540947768,0.24107742619711775,False
BPI20_RequestForPayment_CZ,case:Task,False,window,case:Project,categorical,0.9261803388595581,0.928051882982254,-0.0018715441226959673,-0.202071242950425,0.7321244161083618,False
BPI20_RequestForPayment_CZ,case:Task,False,window,case:OrganizationalEntity,categorical,0.9376860857009888,0.9373458027839661,0.0003402829170227051,0.03628964130019256,0.95416280358839,False
BPI20_RequestForPayment_CZ,case:Task,False,window,case:Activity,categorical,1.0,1.0,0.0,0.0,,False
BPI20_RequestForPayment_CZ,case:Task,False,window,case:RfpNumber,categorical,0.0399829857051372,0.0399829857051372,0.0,0.0,,False
BPI20_RequestForPayment_CZ,case:Task,False,window,time:timestamp,numerical,0.00746951578184957,0.00784384817816312,0.00037433239631355034,5.011468042187598,0.6795799270931545,False
BPI20_RequestForPayment_CZ,case:Task,False,window,case:RequestedAmount,numerical,0.10737459398806089,0.1068112753331661,-0.0005633186548947844,-0.5246293689896704,0.9630777741784645,False
BPI20_RequestForPayment_CZ,case:Task,False,random,org:resource,categorical,0.9177705645561218,0.9040656566619873,0.013704907894134477,1.4932825722911294,0.19877752045118113,False
BPI20_RequestForPayment_CZ,case:Task,False,random,Activity,categorical,0.8138125658035278,0.8337102472782135,-0.019897681474685736,-2.4449956059648104,0.04590411445206723,True
BPI20_RequestForPayment_CZ,case:Task,False,random,org:role,categorical,0.8790791094303131,0.8810715913772583,-0.001992481946945235,-0.22665559055731196,0.7786528659244304,False
BPI20_RequestForPayment_CZ,case:Task,False,random,case:Project,categorical,0.8345180034637452,0.8374797761440277,-0.002961772680282526,-0.3549081826862226,0.7270244282723781,False
BPI20_RequestForPayment_CZ,case:Task,False,random,case:OrganizationalEntity,categorical,0.8479267179965972,0.8528540253639221,-0.004927307367324829,-0.5811006143274521,0.5306466864970187,False
BPI20_RequestForPayment_CZ,case:Task,False,random,case:Activity,categorical,0.9780828773975372,0.9787560045719147,-0.000673127174377508,-0.06882107742940465,0.8832163773434928,False
BPI20_RequestForPayment_CZ,case:Task,False,random,case:RfpNumber,categorical,0.0413269586861133,0.0413269586861133,0.0,0.0,,False
BPI20_RequestForPayment_CZ,case:Task,False,random,time:timestamp,numerical,0.00760336732491846,0.008367570815607872,0.0007642034906894125,10.050855864675825,0.4225732672077558,False
BPI20_RequestForPayment_CZ,case:Task,False,random,case:RequestedAmount,numerical,0.2671826109290123,0.2766962394118309,0.009513628482818615,3.5607214293396843,0.5689685416943198,False
BPI20_RequestForPayment_CZ,case:Task,False,attr_level,org:resource,categorical,0.991328877210617,0.9877584159374238,0.0035704612731932706,0.36016919866591285,0.10089870643978556,False
BPI20_RequestForPayment_CZ,case:Task,False,attr_level,Activity,categorical,0.9194554150104522,0.9280993521213532,-0.008643937110900946,-0.9401148734115272,0.029204045048938063,True
BPI20_RequestForPayment_CZ,case:Task,False,attr_level,org:role,categorical,0.9674443662166595,0.9652174532413482,0.0022269129753113015,0.23018512000023197,0.43274859671267407,False
BPI20_RequestForPayment_CZ,case:Task,False,attr_level,case:Project,categorical,0.8119194805622101,0.7928053796291351,0.019114100933074973,2.3541867624409627,0.17511310403841143,False
BPI20_RequestForPayment_CZ,case:Task,False,attr_level,case:OrganizationalEntity,categorical,0.8329946637153626,0.82770054936409,0.005294114351272583,0.6355520127415368,0.7199552906741951,False
BPI20_RequestForPayment_CZ,case:Task,False,attr_level,case:Activity,categorical,0.9702151238918304,0.9708685338497162,-0.0006534099578857644,-0.06734691531757789,0.8655524688454046,False
BPI20_RequestForPayment_CZ,case:Task,False,attr_level,case:RfpNumber,categorical,0.03798710219562049,0.038463692739605856,-0.0004765905439853696,-1.2546114771563583,0.31721247502376,False
BPI20_RequestForPayment_CZ,case:Task,False,attr_level,time:timestamp,numerical,0.007621584367006979,0.00835594763047989,0.0007343632634729102,9.63530977432842,0.5542240050763787,False
BPI20_RequestForPayment_CZ,case:Task,False,attr_level,case:RequestedAmount,numerical,0.2948265507817268,0.2987368106842041,0.003910259902477287,1.3262916423603333,0.8014717509723579,False
BPI20_RequestForPayment_CZ,org:resource,False,odd,Activity,categorical,0.9662636339664459,0.9731862425804139,-0.006922608613967984,-0.7164306272762384,0.2583032122975643,False
BPI20_RequestForPayment_CZ,org:resource,False,odd,org:role,categorical,0.9865780174732208,0.9913240969181061,-0.004746079444885254,-0.481064787662784,0.23813394230299226,False
BPI20_RequestForPayment_CZ,org:resource,False,odd,case:Project,categorical,0.93328298330307,0.9300786256790161,0.0032043576240539107,0.34334255326429136,0.3314905381349832,False
BPI20_RequestForPayment_CZ,org:resource,False,odd,case:Task,categorical,0.7522067785263061,0.7519347310066223,0.0002720475196837935,0.03616658709414694,0.7788633794245786,False
BPI20_RequestForPayment_CZ,org:resource,False,odd,case:OrganizationalEntity,categorical,0.9422612190246582,0.9361548125743866,0.0061064064502716064,0.6480587683097468,0.3942669443751642,False
BPI20_RequestForPayment_CZ,org:resource,False,odd,case:Activity,categorical,1.0,1.0,0.0,0.0,,False
BPI20_RequestForPayment_CZ,org:resource,False,odd,case:RfpNumber,categorical,0.03174123540520659,0.03174123540520659,0.0,0.0,1.0,False
BPI20_RequestForPayment_CZ,org:resource,False,odd,time:timestamp,numerical,0.00711179068312043,0.00695282816886897,-0.00015896251425145946,-2.2351967504998576,0.6662180966455986,False
BPI20_RequestForPayment_CZ,org:resource,False,odd,case:RequestedAmount,numerical,0.06287004947662349,0.11029719933867452,0.04742714986205103,75.43679423965702,0.14430064541640006,False
BPI20_RequestForPayment_CZ,org:resource,False,even,Activity,categorical,0.9666907370090485,0.9640211880207061,0.002669548988342374,0.27615336385677874,0.4577054667861187,False
BPI20_RequestForPayment_CZ,org:resource,False,even,org:role,categorical,0.992304015159607,0.9909812569618225,0.0013227581977844904,0.13330170770010757,0.13203204240222127,False
BPI20_RequestForPayment_CZ,org:resource,False,even,case:Project,categorical,0.9364117503166198,0.9319384574890137,0.004473292827606112,0.47770575562444634,0.2831388787565907,False
BPI20_RequestForPayment_CZ,org:resource,False,even,case:Task,categorical,0.7556036651134491,0.7555796027183532,2.406239509589181e-05,0.003184525989862555,0.9744813023354756,False
BPI20_RequestForPayment_CZ,org:resource,False,even,case:OrganizationalEntity,categorical,0.9463684737682343,0.9395142078399659,0.006854265928268433,0.7242703152373864,0.28861909942677094,False
BPI20_RequestForPayment_CZ,org:resource,False,even,case:Activity,categorical,1.0,1.0,0.0,0.0,,False
BPI20_RequestForPayment_CZ,org:resource,False,even,case:RfpNumber,categorical,0.0447330437600612,0.0447330437600612,0.0,0.0,,False
BPI20_RequestForPayment_CZ,org:resource,False,even,time:timestamp,numerical,0.00679513895884151,0.00775460661388927,0.0009594676550477603,14.11991220281591,0.1225572337626574,False
BPI20_RequestForPayment_CZ,org:resource,False,even,case:RequestedAmount,numerical,0.07635019235312934,0.12210301198065276,0.04575281962752342,59.92495659462234,0.19418093390915286,False
BPI20_RequestForPayment_CZ,org:resource,False,window,Activity,categorical,0.9507018148899078,0.9660569787025451,-0.015355163812637351,-1.6151398442860334,0.01997145481188015,True
BPI20_RequestForPayment_CZ,org:resource,False,window,org:role,categorical,0.990854948759079,0.9908336877822876,2.1260976791337427e-05,0.0021457204021601874,0.9821199646186576,False
BPI20_RequestForPayment_CZ,org:resource,False,window,case:Project,categorical,0.9261803388595581,0.9241811811923981,0.0019991576671599676,0.2158497198959771,0.754763889152383,False
BPI20_RequestForPayment_CZ,org:resource,False,window,case:Task,categorical,0.7538919448852539,0.7537643432617187,0.00012760162353520066,0.01692571785663823,0.8369619541551829,False
BPI20_RequestForPayment_CZ,org:resource,False,window,case:OrganizationalEntity,categorical,0.9376860857009888,0.9271373808383941,0.010548704862594627,1.1249718880822146,0.15428853102970042,False
BPI20_RequestForPayment_CZ,org:resource,False,window,case:Activity,categorical,1.0,1.0,0.0,0.0,,False
BPI20_RequestForPayment_CZ,org:resource,False,window,case:RfpNumber,categorical,0.0399829857051372,0.0399829857051372,0.0,0.0,,False
BPI20_RequestForPayment_CZ,org:resource,False,window,time:timestamp,numerical,0.00746951578184957,0.00714763831347223,-0.00032187746837733944,-4.309214650292064,0.5037633257440455,False
BPI20_RequestForPayment_CZ,org:resource,False,window,case:RequestedAmount,numerical,0.10737459398806089,0.11857889667153354,0.011204302683472653,10.434780023213381,0.6791652115601194,False
BPI20_RequestForPayment_CZ,org:resource,False,random,Activity,categorical,0.8138125658035278,0.8420031905174256,-0.02819062471389777,-3.4640193452976993,0.00760695808185983,True
BPI20_RequestForPayment_CZ,org:resource,False,random,org:role,categorical,0.8790791094303131,0.8842487514019013,-0.005169641971588201,-0.5880747154756512,0.4942224150861164,False
BPI20_RequestForPayment_CZ,org:resource,False,random,case:Project,categorical,0.8345180034637452,0.8302099764347076,0.004308027029037542,0.5162293696668823,0.7091355281783391,False
BPI20_RequestForPayment_CZ,org:resource,False,random,case:Task,categorical,0.7539746403694153,0.7537051796913147,0.00026946067810063035,0.035738692480241266,0.5046268951867168,False
BPI20_RequestForPayment_CZ,org:resource,False,random,case:OrganizationalEntity,categorical,0.8479267179965972,0.8389337301254273,0.008992987871169977,1.0605855058344873,0.3804265923664353,False
BPI20_RequestForPayment_CZ,org:resource,False,random,case:Activity,categorical,0.9780828773975372,0.9828217029571533,-0.004738825559616133,-0.4845014332757877,0.20728342797746954,False
BPI20_RequestForPayment_CZ,org:resource,False,random,case:RfpNumber,categorical,0.0413269586861133,0.0413269586861133,0.0,0.0,,False
BPI20_RequestForPayment_CZ,org:resource,False,random,time:timestamp,numerical,0.00760336732491846,0.0077103401999920095,0.00010697287507354953,1.4069144696320026,0.6774931795226101,False
BPI20_RequestForPayment_CZ,org:resource,False,random,case:RequestedAmount,numerical,0.2671826109290123,0.27474667578935624,0.007564064860343944,2.8310468387306984,0.7855300402021779,False
BPI20_RequestForPayment_CZ,org:resource,False,attr_level,Activity,categorical,0.9194554150104522,0.9097276866436005,0.009727728366851762,1.0579880446667638,0.1672559086898561,False
BPI20_RequestForPayment_CZ,org:resource,False,attr_level,org:role,categorical,0.9674443662166595,0.9537646293640136,0.013679736852645896,1.4140075988185883,0.0014617780735569383,True
BPI20_RequestForPayment_CZ,org:resource,False,attr_level,case:Project,categorical,0.8119194805622101,0.795302027463913,0.016617453098297097,2.046687325052284,0.25912972476492313,False
BPI20_RequestForPayment_CZ,org:resource,False,attr_level,case:Task,categorical,0.7585068643093109,0.7590207934379578,-0.000513929128646895,-0.06775536950675771,0.4420467057941694,False
BPI20_RequestForPayment_CZ,org:resource,False,attr_level,case:OrganizationalEntity,categorical,0.8329946637153626,0.8144919872283936,0.018502676486969016,2.2212238916924743,0.3065441002147467,False
BPI20_RequestForPayment_CZ,org:resource,False,attr_level,case:Activity,categorical,0.9702151238918304,0.9740539431571961,-0.003838819265365667,-0.3956668135585215,0.39941740728098285,False
BPI20_RequestForPayment_CZ,org:resource,False,attr_level,case:RfpNumber,categorical,0.03798710219562049,0.03793103247880931,5.606971681117873e-05,0.1476019848064193,0.9225809539079789,False
BPI20_RequestForPayment_CZ,org:resource,False,attr_level,time:timestamp,numerical,0.007621584367006979,0.00766729731112713,4.571294412015082e-05,0.5997826950264731,0.9229646036901774,False
BPI20_RequestForPayment_CZ,org:resource,False,attr_level,case:RequestedAmount,numerical,0.2948265507817268,0.29602465629577634,0.00119810551404953,0.40637639685868754,0.9603550979564939,False
BPI20_RequestForPayment_CZ,org:role,False,odd,org:resource,categorical,0.9993954300880432,0.9993047416210175,9.068846702575684e-05,0.009074332771140198,0.2788778419609099,False
BPI20_RequestForPayment_CZ,org:role,False,odd,Activity,categorical,0.9662636339664459,0.9711608529090882,-0.0048972189426422785,-0.5068201648591008,0.42790109918996366,False
BPI20_RequestForPayment_CZ,org:role,False,odd,case:Project,categorical,0.93328298330307,0.9354595243930817,-0.002176541090011641,-0.23321341211091612,0.35358334126084234,False
BPI20_RequestForPayment_CZ,org:role,False,odd,case:Task,categorical,0.7522067785263061,0.7529927670955658,-0.0007859885692597102,-0.10449102450254277,0.39135648832049974,False
BPI20_RequestForPayment_CZ,org:role,False,odd,case:OrganizationalEntity,categorical,0.9422612190246582,0.9440447747707367,-0.001783555746078469,-0.18928463891622763,0.764388233539486,False
BPI20_RequestForPayment_CZ,org:role,False,odd,case:Activity,categorical,1.0,1.0,0.0,0.0,,False
BPI20_RequestForPayment_CZ,org:role,False,odd,case:RfpNumber,categorical,0.03174123540520659,0.03174123540520659,0.0,0.0,1.0,False
BPI20_RequestForPayment_CZ,org:role,False,odd,time:timestamp,numerical,0.00711179068312043,0.00729332128539677,0.00018153060227633997,2.5525301624413115,0.799327911196916,False
BPI20_RequestForPayment_CZ,org:role,False,odd,case:RequestedAmount,numerical,0.06287004947662349,0.09855462089180941,0.035684571415185926,56.7592545452891,0.025128221108965933,True
BPI20_RequestForPayment_CZ,org:role,False,even,org:resource,categorical,0.9997835457324982,0.999422812461853,0.0003607332706451194,0.03608113698058771,0.001949849549395565,True
BPI20_RequestForPayment_CZ,org:role,False,even,Activity,categorical,0.9666907370090485,0.9690235912799835,-0.002332854270934992,-0.24132374311901117,0.05064642213617141,False
BPI20_RequestForPayment_CZ,org:role,False,even,case:Project,categorical,0.9364117503166198,0.9378547549247742,-0.0014430046081543857,-0.15409937003315866,0.6384420252901959,False
BPI20_RequestForPayment_CZ,org:role,False,even,case:Task,categorical,0.7556036651134491,0.7566378176212311,-0.001034152507781938,-0.1368644112686598,0.16517433234181225,False
BPI20_RequestForPayment_CZ,org:role,False,even,case:OrganizationalEntity,categorical,0.9463684737682343,0.9460077106952667,0.0003607630729676181,0.03812078307418015,0.953170862451471,False
BPI20_RequestForPayment_CZ,org:role,False,even,case:Activity,categorical,1.0,1.0,0.0,0.0,,False
BPI20_RequestForPayment_CZ,org:role,False,even,case:RfpNumber,categorical,0.0447330437600612,0.0447330437600612,0.0,0.0,,False
BPI20_RequestForPayment_CZ,org:role,False,even,time:timestamp,numerical,0.00679513895884151,0.006280694808810901,-0.0005144441500306088,-7.5707671785172055,0.21828753129396353,False
BPI20_RequestForPayment_CZ,org:role,False,even,case:RequestedAmount,numerical,0.07635019235312934,0.10888484567403789,0.032534653320908546,42.612405179585714,0.03359075475412272,True
BPI20_RequestForPayment_CZ,org:role,False,window,org:resource,categorical,0.9983198583126068,0.9865163743495942,0.011803483963012673,1.1823348864324217,0.33358404955891274,False
BPI20_RequestForPayment_CZ,org:role,False,window,Activity,categorical,0.9507018148899078,0.9681199431419373,-0.017418128252029486,-1.8321336910508077,0.03697961251022369,True
BPI20_RequestForPayment_CZ,org:role,False,window,case:Project,categorical,0.9261803388595581,0.9319013118743896,-0.005720973014831543,-0.6176953639370061,0.2853823566698636,False
BPI20_RequestForPayment_CZ,org:role,False,window,case:Task,categorical,0.7538919448852539,0.7550403892993927,-0.0011484444141387495,-0.1523354138388557,0.08725909363286888,False
BPI20_RequestForPayment_CZ,org:role,False,window,case:OrganizationalEntity,categorical,0.9376860857009888,0.9335389137268066,0.004147171974182129,0.44227722234801164,0.5808634927615745,False
BPI20_RequestForPayment_CZ,org:role,False,window,case:Activity,categorical,1.0,1.0,0.0,0.0,,False
BPI20_RequestForPayment_CZ,org:role,False,window,case:RfpNumber,categorical,0.0399829857051372,0.0399829857051372,0.0,0.0,,False
BPI20_RequestForPayment_CZ,org:role,False,window,time:timestamp,numerical,0.00746951578184957,0.007275556260719851,-0.00019395952112971886,-2.5966813217133526,0.6943977634434253,False
BPI20_RequestForPayment_CZ,org:role,False,window,case:RequestedAmount,numerical,0.10737459398806089,0.1032385531812906,-0.004136040806770283,-3.8519734074432677,0.7563761227507684,False
BPI20_RequestForPayment_CZ,org:role,False,random,org:resource,categorical,0.9177705645561218,0.921782398223877,-0.004011833667755149,-0.4371281693584786,0.6972266313966493,False
BPI20_RequestForPayment_CZ,org:role,False,random,Activity,categorical,0.8138125658035278,0.8679859578609467,-0.05417339205741889,-6.656740671475149,1.2520765392441523e-05,True
BPI20_RequestForPayment_CZ,org:role,False,random,case:Project,categorical,0.8345180034637452,0.843484079837799,-0.008966076374053888,-1.0744017908348709,0.34139939452163937,False
BPI20_RequestForPayment_CZ,org:role,False,random,case:Task,categorical,0.7539746403694153,0.7545944094657898,-0.0006197690963745117,-0.08220025756713135,0.13686291542034995,False
BPI20_RequestForPayment_CZ,org:role,False,random,case:OrganizationalEntity,categorical,0.8479267179965972,0.8411146521568298,0.006812065839767456,0.8033790768926794,0.43994233052880105,False
BPI20_RequestForPayment_CZ,org:role,False,random,case:Activity,categorical,0.9780828773975372,0.9761981248855591,0.0018847525119780606,0.19269865116062265,0.786632995210548,False
BPI20_RequestForPayment_CZ,org:role,False,random,case:RfpNumber,categorical,0.0413269586861133,0.0413269586861133,0.0,0.0,,False
BPI20_RequestForPayment_CZ,org:role,False,random,time:timestamp,numerical,0.00760336732491846,0.007497580815106569,-0.0001057865098118907,-1.3913113136754205,0.7641426429743465,False
BPI20_RequestForPayment_CZ,org:role,False,random,case:RequestedAmount,numerical,0.2671826109290123,0.26537836343050003,-0.001804247498512268,-0.6752862741473988,0.9085565135990175,False
BPI20_RequestForPayment_CZ,org:role,False,attr_level,org:resource,categorical,0.991328877210617,0.9727516949176789,0.018577182292938144,1.8739676327406378,0.00025174593120814065,True
BPI20_RequestForPayment_CZ,org:role,False,attr_level,Activity,categorical,0.9194554150104522,0.9096748173236847,0.009780597686767534,1.0637381135719723,0.06744828734211897,False
BPI20_RequestForPayment_CZ,org:role,False,attr_level,case:Project,categorical,0.8119194805622101,0.8125637769699097,-0.000644296407699585,-0.07935471720095258,0.9513229984387623,False
BPI20_RequestForPayment_CZ,org:role,False,attr_level,case:Task,categorical,0.7585068643093109,0.7598593056201934,-0.001352441310882524,-0.17830310766060686,0.09383732581041691,False
BPI20_RequestForPayment_CZ,org:role,False,attr_level,case:OrganizationalEntity,categorical,0.8329946637153626,0.8321390569210052,0.0008556067943573664,0.10271455888338446,0.948299186024696,False
BPI20_RequestForPayment_CZ,org:role,False,attr_level,case:Activity,categorical,0.9702151238918304,0.9756602585315705,-0.005445134639740057,-0.5612296186332317,0.2359880225350659,False
BPI20_RequestForPayment_CZ,org:role,False,attr_level,case:RfpNumber,categorical,0.03798710219562049,0.03868797048926349,-0.0007008682936430061,-1.8450164743648407,0.12491490779954023,False
BPI20_RequestForPayment_CZ,org:role,False,attr_level,time:timestamp,numerical,0.007621584367006979,0.007419588137417979,-0.00020199622958900001,-2.65031809479693,0.7161280342981395,False
BPI20_RequestForPayment_CZ,org:role,False,attr_level,case:RequestedAmount,numerical,0.2948265507817268,0.296136274933815,0.0013097241520881875,0.44423548307148036,0.9387850810869245,False
BPI20_RequestForPayment_CZ,time:timestamp,False,odd,org:resource,categorical,0.9993954300880432,0.9991838157176971,0.00021161437034611374,0.021174238342021562,0.024844828795018637,True
BPI20_RequestForPayment_CZ,time:timestamp,False,odd,Activity,categorical,0.9662636339664459,0.968289029598236,-0.002025395631790161,-0.20961107927409534,0.8203211647024233,False
BPI20_RequestForPayment_CZ,time:timestamp,False,odd,org:role,categorical,0.9865780174732208,0.9881802022457122,-0.0016021847724914107,-0.1623981828213499,0.7326751644089875,False
BPI20_RequestForPayment_CZ,time:timestamp,False,odd,case:Project,categorical,0.93328298330307,0.9246674954891205,0.008615487813949496,0.923137780082265,0.08747302933476235,False
BPI20_RequestForPayment_CZ,time:timestamp,False,odd,case:Task,categorical,0.7522067785263061,0.7529322981834412,-0.0007255196571350764,-0.09645215622178863,0.536348984275005,False
BPI20_RequestForPayment_CZ,time:timestamp,False,odd,case:OrganizationalEntity,categorical,0.9422612190246582,0.9448912024497986,-0.0026299834251404253,-0.27911404736180706,0.5973302109950525,False
BPI20_RequestForPayment_CZ,time:timestamp,False,odd,case:Activity,categorical,1.0,1.0,0.0,0.0,,False
BPI20_RequestForPayment_CZ,time:timestamp,False,odd,case:RfpNumber,categorical,0.03174123540520659,0.03174123540520659,0.0,0.0,1.0,False
BPI20_RequestForPayment_CZ,time:timestamp,False,odd,case:RequestedAmount,numerical,0.06287004947662349,0.06435267291963095,0.0014826234430074664,2.3582348914147735,0.9003021155932868,False
BPI20_RequestForPayment_CZ,time:timestamp,False,even,org:resource,categorical,0.9997835457324982,0.9994468808174133,0.0003366649150848833,0.03367378034194626,0.013064083153248458,True
BPI20_RequestForPayment_CZ,time:timestamp,False,even,Activity,categorical,0.9666907370090485,0.9690235912799835,-0.002332854270934992,-0.24132374311901117,0.20292213295173714,False
BPI20_RequestForPayment_CZ,time:timestamp,False,even,org:role,categorical,0.992304015159607,0.990235710144043,0.002068305015563987,0.20843461116413106,0.00373042913009657,True
BPI20_RequestForPayment_CZ,time:timestamp,False,even,case:Project,categorical,0.9364117503166198,0.927946150302887,0.008465600013732866,0.9040467519625287,0.07987746150960874,False
BPI20_RequestForPayment_CZ,time:timestamp,False,even,case:Task,categorical,0.7556036651134491,0.7556758046150207,-7.213950157158866e-05,-0.009547267291346102,0.9237328685296926,False
BPI20_RequestForPayment_CZ,time:timestamp,False,even,case:OrganizationalEntity,categorical,0.9463684737682343,0.9473785579204559,-0.0010100841522215909,-0.10673265014837767,0.8295739270586105,False
BPI20_RequestForPayment_CZ,time:timestamp,False,even,case:Activity,categorical,1.0,1.0,0.0,0.0,,False
BPI20_RequestForPayment_CZ,time:timestamp,False,even,case:RfpNumber,categorical,0.0447330437600612,0.0447330437600612,0.0,0.0,,False
BPI20_RequestForPayment_CZ,time:timestamp,False,even,case:RequestedAmount,numerical,0.07635019235312934,0.06628519929945463,-0.010064993053674712,-13.182668888537751,0.33794186776171664,False
BPI20_RequestForPayment_CZ,time:timestamp,False,window,org:resource,categorical,0.9983198583126068,0.9980646431446075,0.000255215167999312,0.02556446872955979,0.571592064910885,False
BPI20_RequestForPayment_CZ,time:timestamp,False,window,Activity,categorical,0.9507018148899078,0.9655252873897553,-0.014823472499847501,-1.5592136532908663,0.032223137917970435,True
BPI20_RequestForPayment_CZ,time:timestamp,False,window,org:role,categorical,0.990854948759079,0.982815819978714,0.008039128780364946,0.8113325558330149,0.030503538773479937,True
BPI20_RequestForPayment_CZ,time:timestamp,False,window,case:Project,categorical,0.9261803388595581,0.9202679634094239,0.005912375450134233,0.6383611486953362,0.40241252796223426,False
BPI20_RequestForPayment_CZ,time:timestamp,False,window,case:Task,categorical,0.7538919448852539,0.7538281440734863,6.380081176760033e-05,0.008462858928319114,0.9250999559889924,False
BPI20_RequestForPayment_CZ,time:timestamp,False,window,case:OrganizationalEntity,categorical,0.9376860857009888,0.9376435458660126,4.253983497615188e-05,0.004536681905048239,0.9932397106314217,False
BPI20_RequestForPayment_CZ,time:timestamp,False,window,case:Activity,categorical,1.0,1.0,0.0,0.0,,False
BPI20_RequestForPayment_CZ,time:timestamp,False,window,case:RfpNumber,categorical,0.0399829857051372,0.0399829857051372,0.0,0.0,,False
BPI20_RequestForPayment_CZ,time:timestamp,False,window,case:RequestedAmount,numerical,0.10737459398806089,0.08755109235644336,-0.01982350163161753,-18.46200380866793,0.08636169962633183,False
BPI20_RequestForPayment_CZ,time:timestamp,False,random,org:resource,categorical,0.9177705645561218,0.9015885412693023,0.016182023286819502,1.763188307814809,0.0734411147543414,False
BPI20_RequestForPayment_CZ,time:timestamp,False,random,Activity,categorical,0.8138125658035278,0.8507807910442352,-0.03696822524070742,-4.542597005024909,0.0007910493418564639,True
BPI20_RequestForPayment_CZ,time:timestamp,False,random,org:role,categorical,0.8790791094303131,0.8453149795532227,0.03376412987709043,3.840852264021069,4.5970483418009035e-05,True
BPI20_RequestForPayment_CZ,time:timestamp,False,random,case:Project,categorical,0.8345180034637452,0.8324178457260132,0.002100157737731978,0.2516611659682687,0.8494302894211903,False
BPI20_RequestForPayment_CZ,time:timestamp,False,random,case:Task,categorical,0.7539746403694153,0.7540015876293182,-2.6947259902931897e-05,-0.0035740273558443414,0.9488756354676111,False
BPI20_RequestForPayment_CZ,time:timestamp,False,random,case:OrganizationalEntity,categorical,0.8479267179965972,0.8507269442081451,-0.0028002262115478516,-0.3302438939728149,0.7276857513851975,False
BPI20_RequestForPayment_CZ,time:timestamp,False,random,case:Activity,categorical,0.9780828773975372,0.9806676983833313,-0.002584820985794156,-0.26427422926284067,0.58270569949609,False
BPI20_RequestForPayment_CZ,time:timestamp,False,random,case:RfpNumber,categorical,0.0413269586861133,0.0413269586861133,0.0,0.0,,False
BPI20_RequestForPayment_CZ,time:timestamp,False,random,case:RequestedAmount,numerical,0.2671826109290123,0.12238530740141866,-0.14479730352759362,-54.194134500042296,1.9263549686583592e-07,True
BPI20_RequestForPayment_CZ,time:timestamp,False,attr_level,org:resource,categorical,0.991328877210617,0.986550360918045,0.004778516292571977,0.48203138256374395,0.08765963475470893,False
BPI20_RequestForPayment_CZ,time:timestamp,False,attr_level,Activity,categorical,0.9194554150104522,0.9322759211063385,-0.012820506095886253,-1.3943586482375017,0.005365850764608634,True
BPI20_RequestForPayment_CZ,time:timestamp,False,attr_level,org:role,categorical,0.9674443662166595,0.9559650599956513,0.011479306221008234,1.1865598293677426,0.0009177774233687945,True
BPI20_RequestForPayment_CZ,time:timestamp,False,attr_level,case:Project,categorical,0.8119194805622101,0.7977181315422058,0.01420134902000425,1.7491080531988945,0.18334105442920928,False
BPI20_RequestForPayment_CZ,time:timestamp,False,attr_level,case:Task,categorical,0.7585068643093109,0.7596158683300018,-0.001109004020690918,-0.14620883117528097,0.14319222932869127,False
BPI20_RequestForPayment_CZ,time:timestamp,False,attr_level,case:OrganizationalEntity,categorical,0.8329946637153626,0.8472727477550507,-0.01427808403968811,-1.7140666875348658,0.2102211324792491,False
BPI20_RequestForPayment_CZ,time:timestamp,False,attr_level,case:Activity,categorical,0.9702151238918304,0.9779744327068329,-0.00775930881500253,-0.7997513771871091,0.05177705195835081,False
BPI20_RequestForPayment_CZ,time:timestamp,False,attr_level,case:RfpNumber,categorical,0.03798710219562049,0.03868797048926349,-0.0007008682936430061,-1.8450164743648407,0.12491490779954023,False
BPI20_RequestForPayment_CZ,time:timestamp,False,attr_level,case:RequestedAmount,numerical,0.2948265507817268,0.14306048601865767,-0.15176606476306914,-51.47638988437927,3.8733802678570195e-07,True
